"Code","Title","UnitType","Facets","DerivedFrom","Description"
"ABBEY_BEER","Abbey beer","mL","PANTRY; GLUTEN; SULPHITES","","Belgian-style abbey beer with complex malt character, used in stews and braises."
"ACHU_SPICE_MIX","Achu spice mix","g","SPICES","","Cameroonian spice blend used in the traditional achu soup."
"ACKEE","Ackee","g","PANTRY","","Jamaica's national fruit, with a soft scrambled-egg texture when cooked."
"AJI_PANCA","Aji panca","g","PANTRY","","A Peruvian dried chili with deep burgundy colour and mild fruity heat."
"AJI_PEPPER","Aji pepper","g","SPICES","","A South American chili pepper used in Andean cooking."
"ALBACORE_TUNA","Albacore tuna","g","LEAN_FISH; FISH","","Mild, firm white-fleshed tuna prized for sushi and canning."
"ALLSPICE","Allspice","g","SPICES","","A Caribbean spice berry combining the aromas of cloves, cinnamon and nutmeg."
"ALMONDS","Almonds","g","PANTRY; TREE_NUTS","","Versatile tree nuts eaten raw, roasted or ground for pastries and sauces."
"ANCHOVIES","Anchovies","g","FAT_FISH; FISH","","Small, intensely flavoured oily fish used as a seasoning in Mediterranean cooking."
"APPLE","Apple","pc","FRUIT_VEG; RAW","","A crisp, sweet-tart fruit eaten fresh or used in pies and sauces."
"APRICOTS","Apricots","g","PANTRY","","Sweet-tart stone fruit used fresh or dried in tagines and pastries."
"ARBORIO_RICE","Arborio rice","g","GRAINS","","Short-grain Italian rice with high starch content, essential for creamy risotto."
"AREPA","Arepa","pc","PANTRY","","Colombian and Venezuelan cornmeal flatbread, grilled or baked and stuffed."
"AVOCADO","Avocado","pc","FRUIT_VEG","","Creamy, buttery tropical fruit used in guacamole, salads and toast."
"BACON","Bacon","g","PORK","","Cured and smoked pork belly, used to add saltiness and smokiness to dishes."
"BACON_LARDONS","Bacon lardons","g","PORK","BACON","Small cubes of cured bacon used to flavour soups, stews and salads."
"BACON_RASHERS","Bacon rashers","g","PORK","BACON","Thin slices of cured and smoked pork belly, fried for breakfast."
"BAHARAT","Baharat","g","PANTRY","","A Middle Eastern all-purpose spice blend used in rice dishes and meat stews."
"BAHARAT_SPICE","Baharat spice","g","SPICES","","A fragrant Middle Eastern spice blend of allspice, coriander and cinnamon."
"BAJAN_SEASONING","Bajan seasoning","g","PANTRY","","Barbadian herb and spice paste used to marinate meats and seafood."
"BAKING_POWDER","Baking powder","g","PANTRY","","A chemical leavening agent that makes baked goods rise."
"BAKING_SODA","Baking soda","g","PANTRY","","Sodium bicarbonate used as a leavening agent and to tenderise meats."
"BANANA","Banana","pc","FRUIT_VEG; RAW","","A sweet tropical fruit eaten fresh, fried or baked."
"BANANA_LEAVES","Banana leaves","leaf","FRUIT_VEG; RAW","","Large leaves used to wrap food for steaming or grilling."
"BARLEY","Barley","g","GLUTEN; GRAINS","","A hardy ancient grain with a nutty flavour, used in soups and beer."
"BARLEY_FLOUR","Barley flour","g","GLUTEN; GRAINS","","Ground barley used in flatbreads and baked goods."
"BARLEY_GROATS","Barley groats","g","GLUTEN; GRAINS","","Hulled whole barley grains used in porridges and stews."
"BARRAMUNDI_FILLET","Barramundi fillet","pc","LEAN_FISH; FISH","","A mild, white-fleshed Australian freshwater fish, prized for grilling."
"BASIL","Basil","bunch","HERBS","","A fragrant herb central to Italian and Thai cuisine."
"BASMATI_RICE","Basmati rice","g","GRAINS","","Long-grain aromatic rice from South Asia, prized for its fragrance and fluffy texture."
"BAY_LEAF","Bay leaf","leaf","HERBS","","A dried aromatic leaf that imparts a subtle herbaceous note to soups and stocks."
"BEAN_SPROUTS","Bean sprouts","g","LEGUMES; VEGETABLES","","Germinated mung beans with a crisp texture, used in Asian stir-fries."
"BEANS","Beans","g","LEGUMES","","Protein-rich legumes available in many varieties, used in soups and stews."
"BEEF","Beef","g","BEEF","","The most versatile red meat, used in everything from steaks to slow braises."
"BEEF_BRISKET","Beef brisket","g","BEEF","","A tough, fatty cut from the chest of the cow that becomes tender with slow cooking."
"BEEF_BROTH","Beef broth","mL","BEEF; CONDIMENTS","","A savoury liquid of simmered beef bones and vegetables, used as a cooking base."
"BEEF_CHUCK","Beef chuck","g","BEEF","","A well-marbled cut from the shoulder, ideal for slow-cooked stews."
"BEEF_GRAVY","Beef gravy","mL","BEEF","","A rich sauce made from beef drippings, used to moisten and flavour roasts."
"BEEF_JERKY","Beef jerky","g","BEEF","","Dried and cured strips of beef, a high-protein snack."
"BEEF_RIBEYE","Beef ribeye","g","BEEF","","A prime, well-marbled steak cut from the rib section."
"BEEF_RIBS","Beef ribs","g","BEEF","","Meaty ribs from the rib cage of the cow, ideal for slow smoking or braising."
"BEEF_ROAST","Beef roast","g","BEEF","","A large cut of beef oven-roasted whole for Sunday dinners."
"BEEF_SCHNITZEL","Beef schnitzel","pc","BEEF","","Thinly pounded beef escalope breaded and fried, a German classic."
"BEEF_SIRLOIN","Beef sirloin","g","BEEF","","A lean and flavourful cut from the loin, popular for grilling as steaks."
"BEEF_SKIN","Beef/Skin","g","BEEF","","Bovine skin simmered until gelatinous, used in some traditional dishes."
"BEEF_STEAK","Beef steak","pc","BEEF","","A thick slice of beef grilled or pan-fried as the centrepiece of a meal."
"BEEF_TOP_ROUND","Beef top round","g","BEEF","","A lean cut from the upper rear leg, used for roasting and stews."
"BEER","Beer","mL","PANTRY; GLUTEN; SULPHITES","","Fermented malt and hop beverage used in batters, braises and sauces."
"BEETROOT","Beetroot","pc","ROOT_VEG; RAW","","A sweet, earthy root vegetable with vivid purple colour."
"BEETROOT_SALAD","Beetroot salad","pc","ROOT_VEG; RAW","","Cooked or pickled beetroot tossed in vinegar and herbs."
"BEETS","Beets","pc","ROOT_VEG; RAW","","Sweet, earthy root vegetables used in salads and soups."
"BELL_PEPPER","Bell pepper","pc","FRUIT_VEG; RAW","","A mild, sweet capsicum available in green, red and yellow."
"BERBERE","Berbere","g","SPICES","","Ethiopia and Eritrea's signature spice blend of chili, fenugreek and warming spices."
"BERBERE_SPICE","Berbere spice","g","SPICES","","The quintessential East African spice blend used in doro wat and zigni stews."
"BIRD_S_EYE_CHILI","Bird's eye chili","pc","SPICES","","A tiny but fiercely hot Thai and African chili."
"BIRYANI_SPICE_MIX","Biryani spice mix","g","SPICES","","A South Asian spice blend for fragrant biryani rice."
"BLACK_BEANS","Black beans","g","LEGUMES","","Small, firm legumes with earthy flavour, a Latin American and Caribbean staple."
"BLACK_EYED_PEAS","Black-eyed peas","g","PANTRY","","Creamy legumes popular across Africa, the American South and the Caribbean."
"BLACK_OLIVES","Black olives","g","PANTRY","","Ripe cured olives with a mild, fruity flavour used in Mediterranean cooking."
"BLACK_PEPPER","Black pepper","g","PANTRY; SPICES","","The world's most used spice: dried peppercorns ground to add heat and aroma."
"BLACK_PEPPERCORNS","Black peppercorns","g","SPICES","","Dried unripe pepper berries used whole in stocks or ground fresh."
"BOILED_POTATO","Boiled potato","pc","ROOT_VEG; RAW; CONDIMENTS","POTATO","A potato cooked in salted water until tender, a simple and versatile side."
"BOK_CHOY","Bok choy","g","LEAFY_VEG; RAW","","A mild-flavoured Chinese cabbage with crisp stems, used in stir-fries."
"BOLOGNA_SAUSAGE","Bologna sausage","pc","PORK; HERBS","","A finely ground pork and beef sausage of Italian origin, used as a cold cut."
"BRATWURST","Bratwurst","pc","PANTRY","","A German pork sausage seasoned with herbs and spices, grilled or pan-fried."
"BREADCRUMBS","Breadcrumbs","g","GRAINS","","Dried crumbled bread used to coat or thicken dishes."
"BREADFRUIT","Breadfruit","g","PANTRY","","A large starchy tropical fruit that can be roasted, boiled or fried."
"BROAD_BEANS","Broad beans","g","LEGUMES","","Large, earthy legumes used in ful medames and European salads."
"BROWN_BREAD","Brown bread","g","GLUTEN; PANTRY","","Wholemeal bread with a denser, nuttier flavour than white bread."
"BROWN_SUGAR","Brown sugar","g","PANTRY","","Sugar with retained molasses giving a caramel depth, used in baking."
"BULGUR","Bulgur","g","GLUTEN; GRAINS","","Pre-cooked cracked wheat used in tabbouleh, kibbeh and pilafs."
"BUTTER","Butter","g","BUTTER; DAIRY; PANTRY","","Cream churned into a rich creamy fat, essential for baking and sauces."
"BUTTERMILK","Buttermilk","mL","DAIRY; MILK","","Tangy liquid left after churning butter, used in marinades and baked goods."
"CABBAGE","Cabbage","g","FLOWER_VEG; RAW","","A leafy brassica vegetable used raw in slaws or slow-cooked in braises."
"CABBAGE_SALAD","Cabbage salad","g","FLOWER_VEG; RAW","","Shredded raw cabbage dressed with vinegar and seasoning."
"CAKE_FLOUR","Cake flour","g","GLUTEN; GRAINS","","A very fine, low-protein wheat flour that produces tender baked goods."
"CALLALOO_DASHEEN_LEAVES","Callaloo/Dasheen leaves","leaf","PANTRY","","Tropical taro or dasheen leaves used in Caribbean callaloo soup."
"CAPERS","Capers","g","PANTRY","","Pickled flower buds of a Mediterranean shrub, adding a sharp, briny note."
"CARAWAY_SEEDS","Caraway seeds","g","SPICES","","Anise-scented seeds used in rye bread, sauerkraut and Central European cooking."
"CARDAMOM","Cardamom","g","SPICES","","An aromatic pod spice with a sweet, camphorous flavour."
"CARROTS","Carrots","pc","ROOT_VEG; RAW","","Sweet, crunchy root vegetables used in stocks, stews and salads."
"CASSAREEP","Cassareep","g","PANTRY","","A dark, thick syrup made from cassava juice, used in Caribbean pepperpot."
"CASSAVA","Cassava","g","GRAINS; VEGETABLES","","A starchy tropical root, the source of tapioca, used boiled, fried or as flour."
"CASSAVA_FLOUR","Cassava flour","g","GRAINS; ROOT_VEG","","Fine gluten-free flour milled from dried cassava root."
"CASSAVA_LEAVES","Cassava leaves","leaf","ROOT_VEG; RAW","","Dark leafy greens from the cassava plant, cooked in palm oil stews."
"CASSAVA_ROOTS","Cassava roots","g","ROOT_VEG; RAW","","The thick underground tubers of the cassava plant, boiled or fried."
"CASSAVA_YUCA","Cassava/Yuca","g","ROOT_VEG; RAW","","Cassava root known as yuca in Latin America, boiled or fried."
"CAULIFLOWER","Cauliflower","pc","FLOWER_VEG; RAW","","A mild-flavoured brassica with a dense white head, used roasted or stewed."
"CAYENNE_PEPPER","Cayenne pepper","g","SPICES","","Finely ground hot red chili powder adding sharp heat to dishes."
"CELERY","Celery","stalk","CELERY; RAW; STEM_VEG","","A crisp, aromatic stem vegetable used in stocks, soups and salads."
"CELERY_ROOT","Celery root","g","CELERY; STEM_VEG","","The bulbous root of the celeriac plant with a mild celery flavour."
"CHAMBO_FISH","Chambo fish","g","LEAN_FISH; FISH","","A popular Malawian tilapia from Lake Malawi, grilled or fried."
"CHASHU_PORK","Chashu pork","g","PORK","","Japanese braised pork belly rolled and glazed with soy and mirin, used in ramen."
"CHEESE","Cheese","g","DAIRY; HARD_CHEESE","","A broad category of fermented dairy products, from soft fresh to aged hard varieties."
"CHEESE_CURDS","Cheese curds","g","CHEESE; DAIRY","","Fresh, mild dairy curds used in Canadian poutine."
"CHESTNUTS","Chestnuts","g","PANTRY; TREE_NUTS","","Sweet, starchy tree nuts roasted or used in stuffings and desserts."
"CHICKEN","Chicken","g","POULTRY","","The world's most consumed poultry, versatile in every cuisine."
"CHICKEN_BREAST","Chicken breast","pc","POULTRY","","The lean white meat from the breast of a chicken, quick-cooking and mild."
"CHICKEN_BROTH","Chicken broth","mL","POULTRY; CONDIMENTS","","A clear, flavoured liquid of simmered chicken and vegetables."
"CHICKEN_CURRY","Chicken curry","g","POULTRY","","Chicken cooked in a spiced sauce, popular across Asia and the Caribbean."
"CHICKEN_DRUMSTICKS","Chicken drumsticks","pc","POULTRY","","The lower leg of the chicken, juicy and flavourful, good for grilling."
"CHICKEN_PIECES","Chicken pieces","pc","POULTRY","","Mixed portions of chicken used in stews, curries and roasting."
"CHICKEN_THIGH","Chicken thigh","pc","POULTRY","","The dark, juicy meat of the chicken thigh, more flavourful than breast."
"CHICKPEAS","Chickpeas","g","LEGUMES","","Nutty, protein-rich legumes used in hummus, curries and stews worldwide."
"CHILI","Chili","pc","SPICES","","Fresh or dried hot pepper used to add heat to dishes."
"CHILI_FLAKES","Chili flakes","g","SPICES","","Dried and crushed red chili peppers used to add heat to pizza and sauces."
"CHILI_OIL","Chili oil","mL","SPICES; CONDIMENTS","","Oil infused with chili and spices, used as a condiment in Chinese cooking."
"CHILI_PASTE","Chili paste","g","SPICES; CONDIMENTS","","A concentrated blend of ground chili peppers used in sauces and marinades."
"CHILI_PEPPER","Chili pepper","pc","FRUIT_VEG; SPICES","","Fresh hot peppers used throughout global cooking for heat and flavour."
"CHILI_POWDER","Chili powder","g","SPICES","","A ground blend of dried chili and spices used in Tex-Mex cooking."
"CHILIES","Chilies","pc","SPICES","","Fresh or dried hot peppers used to season dishes across every cuisine."
"CHIVES","Chives","g","HERBS; ONIONS; RAW","","Mild onion-flavoured herbs used as a garnish for soups and salads."
"CHORIZO","Chorizo","pc","PORK","","A spiced pork sausage flavoured with smoked paprika."
"CILANTRO","Cilantro","g","HERBS","","Fresh coriander herb with a distinctive citrusy flavour used in salsas."
"CINNAMON","Cinnamon","g","SPICES","","A sweet, warm bark spice used in both sweet and savoury dishes worldwide."
"CLOVES","Cloves","g","SPICES","","Intensely aromatic dried flower buds used in spice blends."
"COARSE_SALT","Coarse salt","g","PANTRY","","Large-crystal salt used for curing, brining and seasoning meat."
"COARSE_SEA_SALT","Coarse sea salt","g","PANTRY","","Unrefined sea salt with large crystals, used to season steaks and salads."
"COBAN_CHILI","Coban chili","pc","SPICES","","A mild chili from the Guatemalan highlands used in traditional moles."
"COCONUT","Coconut","g","PANTRY","","The meat of a tropical palm fruit, used fresh, dried or as milk."
"COCONUT_CREAM","Coconut cream","mL","CONDIMENTS","","The thick, rich layer skimmed from coconut milk, used in desserts and curries."
"COCONUT_MILK","Coconut milk","mL","CONDIMENTS; PANTRY","","Liquid pressed from grated coconut flesh, creamy and sweet."
"COCOYAM","Cocoyam","g","ROOT_VEG; RAW","","A starchy tropical root similar to taro, pounded into fufu in West Africa."
"COD_FILLETS","Cod fillets","pc","LEAN_FISH; FISH","","Mild, flaky white fish from the North Atlantic, used in fish and chips."
"COLLARD_GREENS","Collard greens","g","LEAFY_VEG; RAW","","Large, dark leafy greens slow-cooked with smoked meat in southern American cooking."
"CONCH_MEAT","Conch meat","g","MOLLUSKS","","The firm, mildly sweet flesh of a large sea snail, used in Caribbean fritters."
"COOKED_RICE","Cooked rice","g","GRAINS","","Pre-cooked rice used as a base for stir-fries and fried rice."
"CORIANDER","Coriander","g","SPICES","","A spice of dried seeds with warm, citrusy notes, used in curries."
"CORN","Corn","g","GRAINS","","Sweet starchy kernels eaten fresh on the cob or used dried in porridges."
"CORN_FLOUR","Corn flour","g","GRAINS","","Fine yellow flour ground from dried corn, used in cornbread and polenta."
"CORN_ON_COB","Corn on cob","pc","GRAINS","","Fresh sweet corn cooked on the cob, grilled or boiled as a side dish."
"CORNMEAL","Cornmeal","g","GRAINS","","Coarsely ground dried corn used in polenta, ugali and mealie meal."
"CORNSTARCH","Cornstarch","g","GRAINS","","Fine white starch extracted from corn, used as a thickener in sauces."
"COUSCOUS","Couscous","g","GLUTEN; GRAINS","","Tiny steamed semolina pellets, a staple starch of North Africa."
"CRACKED_WHEAT","Cracked wheat","g","GLUTEN; GRAINS","","Partially processed whole wheat grains used in pilafs and porridges."
"CREAM","Cream","mL","DAIRY; MILK","","A rich dairy product used in sauces, soups and desserts."
"CRUSHED_WHEAT","Crushed wheat","g","GLUTEN; GRAINS","","Coarsely broken wheat grains used in Middle Eastern and Central Asian dishes."
"CUCUMBER","Cucumber","pc","FRUIT_VEG","","A cool, crisp vegetable eaten raw in salads or pickled."
"CUMIN","Cumin","g","SPICES","","A warm, earthy ground spice essential in Middle Eastern and Indian cooking."
"CURD_CHEESE","Curd cheese","g","CHEESE; DAIRY","","Fresh, mild unaged cheese with a soft, crumbly texture."
"CURRY_LEAVES","Curry leaves","leaf","PANTRY","","Aromatic South Asian leaves with a distinctive nutty, citrusy flavour."
"CURRY_POWDER","Curry powder","g","SPICES","","A British-Indian blend of ground spices including turmeric and cumin."
"CUTTLEFISH","Cuttlefish","g","MOLLUSKS; SHELLFISH","","A cephalopod used in Mediterranean cooking for its ink and tender flesh."
"DILL","Dill","bunch","HERBS","","A delicate herb with feathery leaves and an aniseed note, used in Scandinavian cooking."
"DJON_DJON_MUSHROOMS","Djon Djon mushrooms","g","VEGETABLES","","Prized Haitian black mushrooms that colour rice with a distinctive dark hue."
"DOUBANJIANG","Doubanjiang","g","PANTRY; GLUTEN; SOY","","Sichuan fermented broad bean and chili paste, the soul of mapo tofu."
"DRIED_APRICOTS","Dried apricots","g","PANTRY; SULPHITES","APRICOTS","Sun-dried apricots with concentrated sweetness, used in Moroccan tagines."
"DRIED_BEANS","Dried beans","g","LEGUMES","BEANS","Any variety of legume dried for long storage, reconstituted by soaking."
"DRIED_CHICKPEAS","Dried chickpeas","g","LEGUMES","CHICKPEAS","Dried garbanzo beans soaked and cooked for hummus and stews."
"DRIED_CORIANDER","Dried coriander","g","SPICES","CORIANDER","Dried coriander leaves used as a herb in Middle Eastern and South Asian cooking."
"DRIED_FISH","Dried fish","g","FISH","FISH","Fish preserved by sun-drying or smoking, adding intense umami."
"DRIED_LIME","Dried lime","pc","FRUIT_VEG; RAW","LIME","Persian and Gulf dried black limes with a tart, earthy flavour."
"DRIED_LIMES","Dried limes","pc","FRUIT_VEG; RAW","LIME","Whole dried limes adding a distinctive sour note to Gulf and Persian stews."
"DRIED_MARJORAM","Dried marjoram","g","PANTRY","","Dried marjoram herb with a mild oregano flavour."
"DRIED_MINT","Dried mint","g","HERBS","MINT","Dried spearmint leaves used in Middle Eastern and Balkan cooking."
"DRIED_OKRA_POWDER","Dried okra powder","g","FLOWER_VEG; RAW","OKRA","Ground dried okra used to thicken West African soups."
"DRIED_OREGANO","Dried oregano","g","HERBS","OREGANO","Dried oregano with a pungent, peppery flavour."
"DRIED_RED_CHILIES","Dried red chilies","pc","SPICES","CHILI","Dehydrated whole red chili peppers used for saucing."
"DRY_CORN","Dry corn","g","GRAINS","","Dried maize kernels used in posole, hominy and traditional porridges."
"EGG","Egg","pc","DAIRY; EGGS","","A universal cooking ingredient, used for baking and emulsifying."
"EGG_YOLKS","Egg yolks","pc","DAIRY; EGGS","","The rich yellow centres of eggs used in custards and sauces."
"EGGPLANT","Eggplant","g","FRUIT_VEG","","A glossy purple vegetable with an earthy, absorbent flesh."
"EXTRA_VIRGIN_OLIVE_OIL","Extra virgin olive oil","mL","CONDIMENTS","","Cold-pressed olive oil of the highest quality, used for finishing and dressings."
"FAT_LARD","Fat/Lard","g","PORK","","Rendered pig fat used for frying and pastry making."
"FAVA_BEANS","Fava beans","g","LEGUMES","","Large, creamy legumes used in ful medames and Middle Eastern salads."
"FENNEL","Fennel","g","SPICES; HERBS","","An aromatic bulb with a mild anise flavour, eaten raw or slow-braised."
"FENUGREEK","Fenugreek","g","SPICES","","A slightly bitter herb and spice used in Indian curries and Ethiopian cooking."
"FERMENTED_LOCUST_BEANS","Fermented locust beans","g","LEGUMES","","Dried fermented locust bean pods adding savoury umami to West African soups."
"FERMENTED_SHARK","Fermented shark","g","PANTRY","","Hákarl: Greenlandic fermented Greenland shark with a pungent, ammoniac flavour."
"FETA_CHEESE","Feta cheese","g","DAIRY; SOFT_CHEESE","","A tangy, crumbly Greek white cheese made from sheep and goat milk."
"FISH","Fish","g","LEAN_FISH; FISH","","A broad category of aquatic protein used in every global cuisine."
"FISH_BALLS","Fish balls","g","FISH","","Compressed fish paste balls used in East and South-East Asian soups."
"FISH_SAUCE","Fish sauce","mL","CONDIMENTS; FISH","","A pungent, salty condiment of fermented fish used in South-East Asian cooking."
"FIVE_SPICE_POWDER","Five-spice powder","g","SPICES","","A Chinese blend of star anise, cloves, cinnamon, Sichuan pepper and fennel."
"FLANK_STEAK","Flank steak","pc","BEEF","","A lean, fibrous beef cut from the belly, marinated and grilled thinly sliced."
"FLAT_NOODLES","Flat noodles","g","PANTRY; GLUTEN; GRAINS","","Wide, flat pasta or noodles used in Central Asian and Eastern European dishes."
"FLATBREAD","Flatbread","pc","GLUTEN; PANTRY","","Any unleavened or minimally leavened bread cooked on a griddle."
"FLOUR","Flour","g","GLUTEN; GRAINS","","Ground wheat used as the base of bread, pasta and sauces."
"FLOUR_DUMPLINGS","Flour dumplings","pc","GLUTEN; GRAINS","","Simple dumplings of flour and water, boiled in soups and stews."
"FLOUR_TORTILLAS","Flour tortillas","pc","GLUTEN; GRAINS","","Thin wheat flour flatbreads used in burritos and fajitas."
"FLYING_FISH_FILLETS","Flying fish fillets","pc","LEAN_FISH; FISH","","Delicate fillets of the flying fish, Barbados's national fish."
"FRENCH_BREAD","French bread","g","GLUTEN; PANTRY","","A crispy-crusted wheat bread used in sandwiches and dipping."
"FRENCH_FRIES","French fries","g","PANTRY","POTATO","Thinly cut and deep-fried potatoes, eaten worldwide."
"FRESH_BASIL","Fresh basil","bunch","HERBS","","Freshly picked basil leaves with a bright, slightly peppery flavour."
"FRESH_FISH","Fresh fish","g","FISH","","Whole fish or fillets used immediately for the best flavour."
"FRIED_CHICKEN","Fried chicken","g","POULTRY; FRIED","CHICKEN","Chicken pieces breaded or battered and deep-fried until crispy."
"FRIED_EGG","Fried egg","pc","EGGS; FRIED","EGG","An egg cooked in oil or butter with a runny or set yolk."
"FRIED_GARLIC","Fried garlic","g","ONIONS; FRIED","GARLIC","Thinly sliced garlic fried until golden and crisp, used as a topping."
"FRIED_ONIONS","Fried onions","pc","ONIONS; FRIED","ONIONS","Onions slowly fried until caramelised and golden, used as a topping."
"FRIED_PLANTAIN","Fried plantain","pc","FRUIT_VEG; FRIED","PLANTAIN","Sweet ripe plantain slices fried until caramelised."
"FROG_LEGS","Frog legs","pc","PANTRY","","The hind legs of frogs, a delicacy in France and parts of Asia and the Caribbean."
"FRYING_OIL","Frying oil","mL","CONDIMENTS","","A neutral oil with a high smoke point used for deep and shallow frying."
"GALANGAL","Galangal","g","PANTRY","","A rhizome related to ginger with a sharper, more piney flavour used in Thai cooking."
"GARLIC","Garlic","clove","ONIONS; RAW","","Pungent bulb used as an aromatic base in cuisines worldwide."
"GARLIC_OIL","Garlic oil","mL","ONIONS; RAW; CONDIMENTS","","Oil infused with garlic flavour, used as a finishing drizzle."
"GARLIC_POWDER","Garlic powder","g","ONIONS; RAW","GARLIC","Dehydrated ground garlic used as a convenient seasoning."
"GELATIN","Gelatin","g","PANTRY","","A protein-based setting agent used in jellies and aspic."
"GHEE","Ghee","g","BUTTER; DAIRY; PANTRY","","Clarified butter with milk solids removed, used in Indian and Middle Eastern cooking."
"GINGER","Ginger","g","STEM_VEG; SPICES","","A warm, peppery rhizome used fresh or dried across Asian and Caribbean cooking."
"GINGER_GARLIC_PASTE","Ginger-garlic paste","g","ONIONS; RAW; CONDIMENTS","","A ground paste of equal parts ginger and garlic, the base of South Asian dishes."
"GINGER_PASTE","Ginger paste","g","VEGETABLES; CONDIMENTS","","Blended fresh ginger used as a convenient substitute for grated ginger."
"GINGER_POWDER","Ginger powder","g","SPICES","GINGER","Dried ground ginger used in baking and spice blends."
"GINGERSNAPS","Gingersnaps","g","PANTRY; GLUTEN","","Crisp ginger-spiced biscuits used in desserts and as a garnish."
"GLUTINOUS_RICE","Glutinous rice","g","GRAINS","","Sticky short-grain rice used in Asian desserts and dumplings."
"GOAT_MEAT","Goat meat","g","RED_MEAT","","Lean, mildly gamey red meat widely consumed across Africa, the Caribbean and Asia."
"GOCHUGARU","Gochugaru","g","PANTRY","","Korean coarsely ground red pepper flakes, the base of kimchi."
"GOCHUJANG","Gochujang","g","PANTRY; GLUTEN; SOY","","A Korean fermented chili paste with a deep, slightly sweet heat."
"GRAPE_LEAVES","Grape leaves","leaf","FRUIT_VEG; RAW","","Preserved vine leaves used to wrap rice and meat for dolma."
"GRATED_CHEESE","Grated cheese","g","CHEESE; DAIRY","CHEESE","Finely shredded cheese used as a topping for pasta, pizza and gratins."
"GRATED_COCONUT","Grated coconut","g","PANTRY","COCONUT","Freshly grated coconut flesh used in curries, chutneys and desserts."
"GREEN_BEANS","Green beans","g","LEGUMES","","Slender pods eaten whole, used in stir-fries, salads and vegetable sides."
"GREEN_CHILI","Green chili","pc","SPICES","","Fresh unripe chili pepper used in Asian and Latin American cooking."
"GREEN_CHILIES","Green chilies","pc","SPICES","","Fresh green chili peppers used whole or ground to season dishes."
"GREEN_OLIVES","Green olives","g","PANTRY","","Unripe olives cured in brine with a firm texture and slightly bitter flavour."
"GREEN_ONION","Green onion","pc","ONIONS; RAW","","Young spring onions with a mild flavour, used as a garnish."
"GREEN_PAPAYA","Green papaya","g","PANTRY","","Unripe papaya with a crisp, neutral flesh, used in South-East Asian salads."
"GREEN_PLANTAIN_FLOUR","Green plantain flour","pc","FRUIT_VEG; GLUTEN; GRAINS","","Flour made from dried unripe plantain, used in Caribbean and African cooking."
"GREEN_PLANTAINS","Green plantains","pc","FRUIT_VEG","","Unripe plantains with a starchy, savoury character, fried into tostones."
"GREY_PEAS","Grey peas","g","PANTRY","","Dark dried peas used in the Latvian national dish with bacon."
"GROUND_BEEF","Ground beef","g","BEEF","BEEF","Minced beef used in burgers, meatballs, pasta sauces and stuffings."
"GROUND_LAMB","Ground lamb","g","LAMB","LAMB","Minced lamb used in kofta, moussaka and Middle Eastern dishes."
"GROUND_MEAT","Ground meat","g","PANTRY","MEAT","Any minced meat used in dumplings, sauces and stuffed dishes."
"GROUND_PORK","Ground pork","g","PORK","PORK","Minced pork used in dumplings, meatballs and meat sauces."
"GUAJILLO_CHILI","Guajillo chili","pc","SPICES","","A mild, dried Mexican chili with a sweet, fruity heat."
"GUANCIALE","Guanciale","g","PANTRY","","Cured pork cheek used in Roman pasta dishes including carbonara."
"GUASCA_LEAVES","Guasca leaves","leaf","PANTRY","","Dried Colombian herb that gives ajiaco soup its distinctive flavour."
"GUAVA","Guava","g","PANTRY","","A fragrant tropical fruit eaten fresh or made into jellies and pastries."
"GUINEA_PIG","Guinea pig","g","PORK","","A traditional Andean meat known as cuy, roasted or fried."
"HALLOUMI_CHEESE","Halloumi cheese","g","CHEESE; DAIRY","","A semi-hard Cypriot cheese that holds its shape when grilled."
"HAM_HOCK","Ham hock","g","PORK","","A cured smoked pork knuckle used to flavour soups and bean dishes."
"HAND_PULLED_NOODLES","Hand-pulled noodles","g","PANTRY; GLUTEN; GRAINS","","Freshly hand-stretched noodles with a chewy texture, used in Central Asian dishes."
"HARD_BOILED_EGG","Hard-boiled egg","pc","EGGS","EGG","A whole egg boiled until the yolk is fully set, used in salads and as a topping."
"HEAVY_CREAM","Heavy cream","mL","DAIRY; MILK","","High-fat dairy cream used in sauces, soups and dessert toppings."
"HERBES_DE_PROVENCE","Herbes de Provence","g","PANTRY","","A French dried herb blend of thyme, rosemary, lavender and oregano."
"HERRING","Herring","g","FAT_FISH; FISH","","A small, oily Atlantic fish eaten smoked, pickled or salted."
"HILSA_FISH","Hilsa fish","g","LEAN_FISH; FISH","","Bangladesh's prized river fish with rich, oily flesh."
"HOGAO_SAUCE","Hogao sauce","mL","CONDIMENTS","","A Colombian cooked tomato and scallion sauce used as a condiment."
"HOISIN_SAUCE","Hoisin sauce","mL","CONDIMENTS; GLUTEN; SOY","","A thick, sweet Chinese sauce of fermented soybean, garlic and spices."
"HONEY","Honey","g","PANTRY","","Natural sweetener produced by bees, used in glazes and dressings."
"HONEY_OR_DATE_SYRUP","Honey or Date syrup","mL","PANTRY","","Honey or date syrup used as a natural sweetener in Middle Eastern cooking."
"HORSERADISH","Horseradish","g","ROOT_VEG; RAW","","A pungent root grated into a fiery condiment for roast beef and fish."
"HOT_WATER","Hot water","mL","PANTRY","","Boiling water used to bind ingredients, hydrate dried products or make tea."
"ICE_WATER","Ice water","mL","PANTRY","","Very cold water used in pastry making and tempura batter for crispness."
"IMERETIAN_CHEESE","Imeretian cheese","g","CHEESE; DAIRY","","A mild, fresh Georgian cheese used in khachapuri bread."
"INJERA","Injera","g","GRAINS","","Ethiopian and Eritrean spongy fermented teff flatbread."
"JAMEED_DRY_YOGURT","Jameed/Dry yogurt","mL","DAIRY; YOGHURT","","Hard dried and salted yogurt from the Levant, dissolved to make mansaf sauce."
"JASMINE_RICE","Jasmine rice","g","GRAINS","","Fragrant long-grain Thai rice that cooks fluffy and aromatic."
"JUNIPER_BERRIES","Juniper berries","g","PANTRY","","Aromatic blue-black berries with a resinous, pine-like flavour used in game dishes."
"KAFFIR_LIME_LEAVES","Kaffir lime leaves","leaf","HERBS; FRUIT_VEG; RAW","","Aromatic lime leaves used in Thai, Indonesian and Malay cooking."
"KAJMAK","Kajmak","g","DAIRY; PANTRY","","A Balkan fresh cream cheese spread made from skimmed cream."
"KASURI_METHI","Kasuri methi","g","PANTRY","","Dried fenugreek leaves used in North Indian curries and breads."
"KECAP_MANIS","Kecap manis","g","PANTRY; SOY; GLUTEN","","Indonesian sweet soy sauce used in nasi goreng and marinades."
"KEFIR","Kefir","mL","DAIRY; YOGHURT","","A fermented milk drink used in cold soups and dressings."
"KETCHUP","Ketchup","g","CONDIMENTS","","Sweetened tomato sauce used as a condiment and in barbecue sauces."
"KEWRA_WATER","Kewra water","mL","PANTRY","","Fragrant water distilled from the pandanus flower, used in biryanis."
"KIDNEYS_BEANS","Kidneys beans","g","LEGUMES","","Red kidney-shaped legumes used in chili con carne and rice dishes."
"KIMCHI","Kimchi","g","PANTRY","","Korean fermented spiced cabbage, eaten as a side or used in stews."
"KITCHA_FLATBREAD","Kitcha flatbread","pc","GLUTEN; PANTRY","","Eritrean unleavened flatbread eaten with stews or broken into porridge."
"KROEUNG_PASTE","Kroeung paste","g","CONDIMENTS","","Cambodian aromatic paste of lemongrass and galangal, used in amok."
"LAKSA_LEAF_VIETNAMESE_MINT","Laksa leaf/Vietnamese mint","leaf","HERBS","","A pungent herb used in laksa soup and Vietnamese cooking."
"LAKSA_PASTE","Laksa paste","g","CONDIMENTS; SHELLFISH","","South-East Asian spice paste of chilies and shrimp paste for laksa soup."
"LAMB","Lamb","g","LAMB","","Young sheep meat with a rich, distinctive flavour."
"LAMB_FAT","Lamb fat","g","LAMB","","Rendered lamb fat used to add richness to Central Asian pilafs."
"LAMB_HEART_LIVER_KIDNEY","Lamb heart/liver/kidney","g","LAMB","","Mixed lamb offal used in Kazakh kuyrdak and other traditional dishes."
"LAMB_MINCE","Lamb mince","g","LAMB","LAMB","Ground lamb used in kofta, moussaka and stuffed dishes."
"LAMB_SHANKS","Lamb shanks","g","LAMB","","The lower leg of lamb, slow-braised until the meat falls from the bone."
"LAMB_SHOULDER","Lamb shoulder","g","LAMB","","A well-marbled cut ideal for slow roasting or braising."
"LAMB_STEW","Lamb stew","g","LAMB","","Slow-cooked lamb pieces in a vegetable and herb broth."
"LARD","Lard","g","PORK","","Rendered pig fat used for frying and traditional pastry making."
"LASAGNA_SHEETS","Lasagna sheets","g","GLUTEN; PANTRY","","Wide, flat pasta layers used to construct classic baked lasagna."
"LEAN_GROUND_BEEF","Lean ground beef","g","BEEF","BEEF","Finely minced lean beef used in burgers and meat sauces."
"LEEK","Leek","g","HERBS; ONIONS; RAW","","A mild, sweet allium used in soups and gratins."
"LEEKS","Leeks","g","HERBS; ONIONS; RAW","","Mild and sweet allium vegetables used in soups and stews."
"LEG_OF_LAMB","Leg of lamb","pc","LAMB","","A large and flavourful cut of lamb perfect for slow roasting."
"LEMON","Lemon","pc","FRUIT_VEG; RAW","","A citrus fruit with tart juice and fragrant zest."
"LEMON_JUICE","Lemon juice","mL","CONDIMENTS","","The juice squeezed from lemons, used to add acidity to dressings."
"LEMONGRASS","Lemongrass","stalk","STEM_VEG; HERBS","","A fragrant tropical grass with a bright citrus flavour."
"LENTILS","Lentils","g","LEGUMES","","Small, nutritious legumes that cook quickly without soaking."
"LETTUCE","Lettuce","g","LETTUCE; RAW","","A crisp leafy green used in salads and as a fresh wrapper."
"LIMA_BEANS","Lima beans","g","LEGUMES","","Large, flat legumes with a creamy texture used in stews."
"LIME","Lime","pc","FRUIT_VEG; RAW","","A small, tart green citrus fruit widely used in tropical and South Asian cooking."
"LIME_JUICE","Lime juice","mL","CONDIMENTS","","Freshly squeezed lime juice used in marinades, ceviche and cocktails."
"LIMESTONE_KANWA","Limestone/Kanwa","pc","SPICES; FRUIT_VEG; RAW; PANTRY","","Edible potash used in West African cooking to soften legumes."
"LINGONBERRY_JAM","Lingonberry jam","g","FRUIT_VEG; RAW","","Tart Scandinavian berry jam served alongside meatballs and game."
"LOBSTER","Lobster","g","CRUSTACEANS; SHELLFISH","","A prized crustacean with sweet, firm white flesh."
"LOCOTO_PEPPER","Locoto pepper","g","SPICES","","A fiery Bolivian pepper used in aji hot sauces."
"MACARONI","Macaroni","g","GLUTEN; PANTRY","","Short tubular pasta used in macaroni and cheese."
"MAGGI_CUBE","Maggi cube","g","PANTRY","","Seasoning bouillon cube used across Africa and Asia."
"MAIZE_FLOUR","Maize flour","g","GRAINS","","Fine yellow flour ground from dried corn."
"MAIZE_MEAL","Maize meal","g","GRAINS","","Coarsely ground maize used for porridge, ugali and sadza."
"MALTOSE_SYRUP","Maltose syrup","mL","PANTRY","","A thick sugar syrup used to lacquer Peking duck before roasting."
"MANTEQUILLA_SOUR_CREAM","Mantequilla/Sour cream","mL","DAIRY; MILK","","A Latin American sour cream condiment used as a topping."
"MARIGOLD","Marigold","g","PANTRY","","Edible marigold petals used in Georgian and Eastern European cooking."
"MARJORAM","Marjoram","g","PANTRY","","A fragrant herb similar to but milder than oregano."
"MASA_HARINA","Masa harina","g","PANTRY","","Nixtamalised corn flour used to make tortillas, tamales and pupusas."
"MASHED_POTATOES","Mashed potatoes","pc","ROOT_VEG; RAW","POTATO","Boiled and mashed potatoes blended with butter and cream."
"MEAT","Meat","g","PANTRY","","A broad category of animal protein cooked in every global cuisine."
"MENMA","Menma","g","PANTRY","","Japanese bamboo shoot seasoned with soy, used as ramen topping."
"MILK","Milk","mL","DAIRY; MILK","","Dairy liquid used in sauces, custards and baking."
"MILLET_FLOUR","Millet flour","g","GRAINS","","Flour milled from millet grain used in flatbreads and porridges."
"MINT","Mint","bunch","HERBS","","A refreshing herb with a cool menthol note."
"MIRIN","Mirin","g","PANTRY","","A sweet Japanese rice wine used in teriyaki glazes."
"MITMITA_SPICE","Mitmita spice","g","SPICES","","A fiery Ethiopian chili blend used in kitfo and other raw dishes."
"MIXED_SEA_FISH","Mixed sea fish","g","FISH","","A variety of fresh seafish used in mixed fish stews."
"MOLOKHIA_LEAVES","Molokhia leaves","leaf","PANTRY","","Jute leaves cooked into a thick green soup popular in Egypt."
"MOONG_DAL","Moong dal","g","LEGUMES","","Split and hulled mung beans used in South Asian lentil dishes."
"MOZZARELLA","Mozzarella","g","DAIRY; FRESH_CHEESE","","A fresh, mild Italian cheese that melts beautifully on pizza."
"MOZZARELLA_CHEESE","Mozzarella cheese","g","DAIRY; FRESH_CHEESE","","A fresh Italian cheese with a soft, milky flavour."
"MUKEKE_FISH","Mukeke fish","g","FISH","","A prized freshwater fish from Lake Tanganyika."
"MUSHROOMS","Mushrooms","g","VEGETABLES; RAW","","Earthy fungi used in soups, sauces and stir-fries."
"MUSSELS","Mussels","g","MOLLUSKS; SHELLFISH","","Saltwater bivalves with sweet, tender flesh, steamed in wine."
"MUSTARD","Mustard","g","CONDIMENTS; MUSTARD","","A sharp condiment made from ground mustard seeds."
"MUSTARD_GREENS","Mustard greens","g","CONDIMENTS; LEAFY_VEG; MUSTARD; RAW","","Peppery leafy greens used in South Asian and southern American cooking."
"MUSTARD_OIL","Mustard oil","mL","CONDIMENTS; MUSTARD","","A pungent yellow oil from mustard seeds used in Bangladeshi and North Indian cooking."
"MUSTARD_PASTE","Mustard paste","g","CONDIMENTS; MUSTARD","","Ground mustard seeds blended into a smooth condiment."
"MUSTARD_SEEDS","Mustard seeds","g","CONDIMENTS; MUSTARD","","Small seeds of the mustard plant, used for tempering in Indian cooking."
"MUTTON","Mutton","g","LAMB","","Older sheep meat with a stronger flavour, used in slow-cooked stews."
"NIGELLA_SEEDS","Nigella seeds","g","PANTRY","","Small black seeds with a mild onion flavour, used in bread and Indian cooking."
"NITER_KIBBEH","Niter Kibbeh","g","CONDIMENTS","","Ethiopian and Eritrean spiced clarified butter infused with herbs and spices."
"NITER_KIBBEH_BUTTER","Niter Kibbeh/Butter","g","BUTTER; CONDIMENTS; DAIRY","","Eritrean spiced clarified butter used as a cooking fat and condiment."
"NJANSANG_SEEDS","Njansang seeds","g","PANTRY","","Dried West and Central African seeds used to thicken and flavour pepper soup."
"NONI_LEAVES","Noni leaves","leaf","PANTRY","","Tropical leaves used in Pacific Island cooking."
"NOODLES","Noodles","g","PANTRY; GLUTEN; GRAINS","","Any long, thin pasta or starch strand used in Asian soups and stir-fries."
"NORI","Nori","g","PANTRY","","Dried sheets of edible seaweed used to wrap sushi."
"NUTMEG","Nutmeg","g","SPICES","","The seed of a tropical tree with a warm, sweet-spicy flavour."
"NYIRIK_LEAVES","Nyirik leaves","leaf","PANTRY","","Leaves of the Macaranga tree used to wrap Brunei's kelupis rice snack."
"OIL","Oil","mL","PANTRY; CONDIMENTS","","Cooking fat used for frying, dressing salads and flavouring dishes."
"OIL_FOR_FRYING","Oil for frying","mL","CONDIMENTS","","A neutral high-smoke-point oil used for deep and shallow frying."
"OKRA","Okra","g","FLOWER_VEG","","A green, viscous pod vegetable used to thicken soups across the tropics."
"OLIVE_OIL","Olive oil","mL","PANTRY; CONDIMENTS","","Cold-pressed oil from olives, central to Mediterranean cooking."
"OLIVES","Olives","g","PANTRY","","Cured fruit of the olive tree, used in Mediterranean salads and cooking."
"ONION","Onion","pc","ONIONS; RAW","","The most widely used aromatic vegetable in the world."
"ONION_POWDER","Onion powder","g","ONIONS; RAW","ONION","Dehydrated ground onion used as a convenient seasoning."
"ONIONS","Onions","pc","ONIONS; RAW","","Pungent bulb vegetables cooked to sweetness as the aromatic foundation of stews."
"ORANGE","Orange","pc","FRUIT_VEG; RAW","","A sweet citrus fruit used in marmalades, marinades and desserts."
"ORANGE_JUICE","Orange juice","mL","FRUIT_VEG; RAW","","Freshly squeezed juice of oranges, used in marinades and cocktails."
"OREGANO","Oregano","g","HERBS; SPICES","","A Mediterranean herb with a pungent, peppery flavour."
"OXTAIL","Oxtail","g","BEEF","","Gelatinous, richly flavoured beef tail braised for hours in hearty stews."
"OYSTER_SAUCE","Oyster sauce","mL","MOLLUSKS; CONDIMENTS; SHELLFISH; SOY","","A thick, sweet-savoury Chinese sauce of oyster extract."
"PAIO_SAUSAGE","Paio sausage","pc","PORK; HERBS","","A Portuguese cured pork sausage seasoned with paprika."
"PALM_BUTTER","Palm butter","g","CONDIMENTS","","Paste made from palm nut extract, used in West and Central African soups."
"PALM_NUT_BUTTER","Palm nut butter","g","CONDIMENTS","","Smooth butter made from boiled and ground palm nuts."
"PALM_NUT_PULP","Palm nut pulp","g","PANTRY","","The fleshy pulp pressed from palm nuts, used in sauces."
"PALM_OIL","Palm oil","mL","CONDIMENTS","","A vibrant orange-red cooking oil from the oil palm fruit."
"PALM_SUGAR","Palm sugar","g","PANTRY","","Unrefined sugar tapped from palm trees, used in South-East Asian cooking."
"PANCAKES","Pancakes","g","PANTRY","","Thin flat cakes of batter cooked on a griddle."
"PANDAN_LEAVES","Pandan leaves","leaf","PANTRY","","Long, fragrant green leaves used in South-East Asian rice and desserts."
"PAPRIKA","Paprika","g","SPICES","","Ground dried red pepper ranging from sweet and mild to hot and smoky."
"PARMIGIANO","Parmigiano","g","DAIRY; HARD_CHEESE","","Aged Italian hard cheese with a sharp, nutty flavour."
"PARSLEY","Parsley","bunch","HERBS","","A bright green herb with a fresh, slightly peppery flavour."
"PARSNIP","Parsnip","g","ROOT_VEG; RAW","","A sweet, earthy root vegetable used in soups and roasts."
"PASTA_SHEETS","Pasta sheets","g","GLUTEN; PANTRY","","Flat pasta sheets used for lasagna."
"PASTA_SHELLS","Pasta shells","g","GLUTEN; PANTRY","","Shell-shaped pasta used in soups and baked dishes."
"PASTA_WRAPPERS","Pasta wrappers","g","GLUTEN; PANTRY","","Thin sheets of pasta dough used for ravioli and dumplings."
"PASTRY_DISCS","Pastry discs","pc","PANTRY","","Pre-cut rounds of pastry dough used for empanadas and pies."
"PEANUT_BUTTER","Peanut butter","g","CONDIMENTS; LEGUMES; PEANUTS","","Smooth or crunchy paste of ground roasted peanuts."
"PEANUT_OIL","Peanut oil","mL","CONDIMENTS; PEANUTS","","A mild oil with a high smoke point from roasted peanuts."
"PEANUT_PASTE","Peanut paste","g","CONDIMENTS; PEANUTS","","Smooth ground peanut paste used in West African stews."
"PEANUTS","Peanuts","g","PANTRY; PEANUTS","","A versatile legume eaten roasted or ground in sauces."
"PEAR_JUICE","Pear juice","mL","FRUIT_VEG; RAW","","The juice of ripe pears, used in dressings and marinades."
"PEARL_ONIONS","Pearl onions","pc","ONIONS; RAW; FRUIT_VEG","","Small whole onions used in stews and braises."
"PEAS","Peas","g","LEGUMES","","Sweet green legumes used in risottos, stews and side dishes."
"PECORINO_ROMANO","Pecorino Romano","g","DAIRY; HARD_CHEESE","","Aged Italian sheep's milk cheese, sharp and salty, grated over pasta."
"PEPPER","Pepper","g","PANTRY; SPICES","","Ground black or white pepper, the most universal spice."
"PEPPERCORNS","Peppercorns","g","SPICES","","Dried pepper berries used whole in stocks and pickling."
"PHYLLO_DOUGH","Phyllo dough","g","GRAINS; GLUTEN","","Very thin sheets of unleavened pastry used in baklava and borek."
"PHYLLO_PASTRY","Phyllo pastry","pc","PANTRY; GLUTEN","","Layers of tissue-thin pastry used in sweet and savoury pastries."
"PICKLED_BEETS","Pickled beets","pc","ROOT_VEG; RAW","BEETS","Beets preserved in vinegar and sugar, used in salads."
"PICKLED_HERRING","Pickled herring","g","FAT_FISH; FISH; SULPHITES","HERRING","Herring cured in vinegar and spices, a Scandinavian and Central European staple."
"PICKLES","Pickles","g","PANTRY","","Vegetables preserved in brine or vinegar, used in sandwiches."
"PICO_DE_GALLO","Pico de gallo","g","PANTRY","","A fresh Mexican salsa of tomatoes, onion, cilantro and lime."
"PIE_CRUST","Pie crust","g","PANTRY","","A buttery pastry shell used as the base and top for pies."
"PIG_TAIL","Pig tail","g","PORK","","The tail of the pig slow-cooked in stews across the Caribbean."
"PIG_TROTTERS","Pig trotters","g","PORK","","Pig's feet slow-braised until gelatinous and tender."
"PIGEON_PEAS","Pigeon peas","g","LEGUMES","","Small legumes used in Caribbean and South Asian cooking."
"PINE_NUTS","Pine nuts","g","PANTRY; TREE_NUTS","","Edible seeds of pine trees, used in pesto and Middle Eastern rice."
"PIZZA_DOUGH","Pizza dough","g","PANTRY; GLUTEN","","Yeasted wheat dough stretched thin and baked with toppings."
"PLAIN_YOGURT","Plain yogurt","mL","DAIRY; YOGHURT","","Unsweetened fermented dairy used as a marinade, sauce and dessert base."
"PLANTAIN","Plantain","pc","FRUIT_VEG","","A starchy cooking banana eaten fried, boiled or baked."
"PLANTAINS","Plantains","pc","FRUIT_VEG","","Starchy tropical bananas cooked as a vegetable."
"POBLANO_CHILIES","Poblano chilies","pc","SPICES","","Large, mild Mexican peppers used for chiles rellenos."
"POMEGRANATE_MOLASSES","Pomegranate molasses","mL","PANTRY","","Thick, sweet-sour pomegranate syrup used in Persian and Levantine cooking."
"POMEGRANATE_SEEDS","Pomegranate seeds","g","PANTRY","","Jewel-like red seeds used as a garnish in Middle Eastern and Mediterranean dishes."
"POPCORN_CHULPI","Popcorn/Chulpi","g","GRAINS","","Toasted Andean corn kernels used as a crunchy accompaniment."
"PORK","Pork","g","PORK","","A versatile meat from the pig, used in everything from sausages to roasts."
"PORK_BELLY","Pork belly","g","PORK","","A fatty, layered cut of pork, slow-roasted or braised."
"PORK_BELLY_SLICES","Pork belly slices","g","PORK","","Thin slices of pork belly fried until crispy or braised in sauce."
"PORK_BLOOD","Pork blood","g","PORK","","Fresh pig blood used in blood sausage and traditional stews."
"PORK_BONES","Pork bones","g","PORK","","Used to enrich stocks and soups."
"PORK_BROTH","Pork broth","mL","PORK; CONDIMENTS","","A clear liquid of simmered pork bones used as a base for noodle soups."
"PORK_FAT","Pork fat","g","PORK","","Rendered pork fat used for larding, frying and pastry."
"PORK_LOIN","Pork loin","g","PORK","","A lean, tender cut of pork from the back, used for roasting and schnitzel."
"PORK_RIBS","Pork ribs","g","PORK","","Meaty rib sections of pork ideal for slow smoking or braising."
"PORK_ROAST","Pork roast","g","PORK","","A large cut of pork roasted whole until crispy and tender."
"PORK_SAUSAGE","Pork sausage","pc","PORK; HERBS","","Ground and seasoned pork packed into a casing."
"PORK_SAUSAGES","Pork sausages","pc","PORK; HERBS","","Ground pork sausages in regional varieties."
"PORK_SHOULDER","Pork shoulder","g","PORK","","A well-marbled cut ideal for slow roasting and pulled pork."
"POTATO","Potato","pc","ROOT_VEG; RAW","","The world's most widely grown vegetable."
"POTATOES","Potatoes","g","ROOT_VEG","","Starchy tubers used boiled, roasted, fried or mashed."
"PUFF_PASTRY","Puff pastry","pc","PANTRY","","Laminated butter pastry that puffs when baked, used for pastries and pie tops."
"PUMPKIN","Pumpkin","g","FRUIT_VEG","","A sweet, orange-fleshed squash used in soups, pies and curries."
"PUMPKIN_SEEDS","Pumpkin seeds","g","FRUIT_VEG","","Flat green seeds toasted for salads and sauces."
"PUMPKIN_SQUASH","Pumpkin/Squash","g","FRUIT_VEG","","A sweet, dense squash used in soups and stews."
"QUESO_DURO","Queso duro","g","PANTRY","","A hard, salty Central American cheese used grated over dishes."
"RABBIT","Rabbit","g","PANTRY","","Lean white meat with a mild, gamey flavour, braised with wine and herbs."
"RADISH","Radish","g","ROOT_VEG; RAW","","A crunchy peppery root eaten raw in salads or pickled."
"RAISINS","Raisins","g","PANTRY; SULPHITES","","Dried grapes with concentrated sweetness, used in couscous and pastries."
"RAMEN_NOODLES","Ramen noodles","g","PANTRY; GLUTEN; GRAINS","","Wheat noodles used in Japan's rich broth-based ramen."
"RAW_FISH","Raw fish","g","FISH","","Fresh, uncooked fish used in ceviche, sashimi and carpaccio."
"RAW_ONION","Raw onion","pc","ONIONS; RAW","","Freshly sliced raw onion used in salads and as a condiment."
"RECADO_ROJO","Recado rojo","g","PANTRY","","A Mayan red spice paste of achiote and spices used in Yucatecan cooking."
"RED_BEANS","Red beans","g","LEGUMES","","Dark red kidney beans used in rice dishes and chili."
"RED_KIDNEY_BEANS","Red kidney beans","g","LEGUMES","","Large, firm kidney-shaped legumes used in chili and bean dishes."
"RED_LENTIL_STEW","Red lentil stew","g","LEGUMES","","Split red lentils cooked into a creamy, comforting soup."
"RED_ONION","Red onion","pc","ONIONS; RAW","","A mild, slightly sweet onion with purple skin, used raw or pickled."
"RED_WINE","Red wine","mL","PANTRY; SULPHITES","","Fermented grape juice used to braise meats and make sauces."
"RED_WINE_VINEGAR","Red wine vinegar","mL","CONDIMENTS; SULPHITES","","Wine vinegar with bright acidity, used in dressings and marinades."
"REFRIED_BEANS","Refried beans","g","LEGUMES; FRIED","BEANS","Cooked and mashed beans pan-fried with lard, used in Mexican cooking."
"REINDEER_MEAT","Reindeer meat","g","PANTRY","","The tender, mildly gamey meat of Arctic reindeer."
"RICE","Rice","g","GRAINS","","The world's most widely consumed grain."
"RICE_LENTIL_BATTER","Rice/Lentil batter","mL","GRAINS; LEGUMES","","Fermented batter of rice and lentils used to make dosa and idli."
"RICE_NOODLES","Rice noodles","g","GRAINS","","Thin, delicate noodles of rice flour used in Asian soups and stir-fries."
"RICE_VINEGAR","Rice vinegar","mL","GRAINS; CONDIMENTS","","A mild, slightly sweet vinegar from fermented rice."
"ROSE_WATER","Rose water","mL","PANTRY","","Distilled rose petal water used to flavour Middle Eastern and South Asian sweets."
"ROSEMARY","Rosemary","sprig","HERBS","","A piney, resinous Mediterranean herb used to flavour lamb and focaccia."
"ROSHI_FLATBREAD","Roshi flatbread","pc","GLUTEN; PANTRY","","Maldivian flatbread made from wheat flour, eaten with mas huni."
"RUM","Rum","g","PANTRY","","A Caribbean distilled spirit made from sugarcane, used in desserts."
"RYE_BREAD","Rye bread","g","GLUTEN; PANTRY","","Dense, dark bread made from rye flour with a tangy, earthy flavour."
"RYE_FLOUR","Rye flour","g","GLUTEN; GRAINS","","Flour milled from rye grain used in Scandinavian bread."
"SAFFRON","Saffron","g","SPICES","","The world's most expensive spice: dried crocus stigmas adding golden colour."
"SAFFRON_ACHIOTE","Saffron/Achiote","g","SPICES","","A blend of saffron and achiote annatto seeds for colour and flavour."
"SAGO_STARCH","Sago starch","g","GRAINS","","Starchy powder extracted from the sago palm, used in puddings."
"SALSA_LIZANO","Salsa Lizano","g","PANTRY","","A mild Costa Rican Worcestershire-style sauce used in gallo pinto."
"SALT","Salt","g","PANTRY; SPICES","","The most fundamental seasoning in cooking."
"SALT_FISH","Salt fish","g","FISH; PANTRY","","Dried and salted fish used in Caribbean and West African cooking."
"SALT_MEAT","Salt meat","g","PANTRY","","Salt-preserved meat used in Caribbean and Scandinavian cooking."
"SALT_PORK","Salt pork","g","PORK; PANTRY","","Heavily salted pork used as a flavouring in beans and stews."
"SALTED_COD","Salted cod","g","LEAN_FISH; PANTRY; FISH","","Dried and salted Atlantic cod, the backbone of Portuguese bacalhau cuisine."
"SALTED_MEAT","Salted meat","g","PANTRY","","Preserved salted meat added to soups and stews."
"SAMBAL_PASTE","Sambal paste","g","CONDIMENTS","","Indonesian and Malaysian chili paste used as a condiment."
"SAN_MARZANO_TOMATOES","San Marzano tomatoes","pc","TOMATOES; RAW","","Sweet, low-acid Italian plum tomatoes prized for pizza and pasta sauce."
"SAUSAGE","Sausage","pc","PORK; HERBS","","Ground and seasoned meat packed into a casing."
"SAUSAGE_CASING","Sausage casing","pc","PORK; HERBS","","Natural or synthetic tube used to enclose sausage meat."
"SAVORY","Savory","g","PANTRY","","A peppery herb related to thyme used in bean dishes and stuffings."
"SAVORY_HERB","Savory herb","g","PANTRY","","A peppery herb used in Central European cooking."
"SCALLIONS","Scallions","g","ONIONS; HERBS; RAW","","Slender young onions with a mild flavour, used as a garnish."
"SCOTCH_BONNET","Scotch bonnet","pc","FRUIT_VEG; SPICES","","A fiercely hot Caribbean chili used in jerk seasoning."
"SESAME_OIL","Sesame oil","mL","CONDIMENTS; PANTRY; SESAME","","A nutty, aromatic oil from toasted sesame seeds used to finish Asian dishes."
"SESAME_SEEDS","Sesame seeds","g","PANTRY; SESAME","","Small, oil-rich seeds with a nutty flavour used in tahini and as a garnish."
"SHALLOTS","Shallots","pc","ONIONS; RAW","","Small, mild onions with a delicate sweetness."
"SHAOXING_WINE","Shaoxing wine","mL","CONDIMENTS; SULPHITES","","Chinese fermented rice wine used in marinades and stir-fries."
"SHIITAKE","Shiitake","g","PANTRY","","Earthy, meaty mushrooms with a rich umami flavour."
"SHIITAKE_MUSHROOMS","Shiitake mushrooms","g","VEGETABLES","","Earthy mushrooms used in East Asian cooking."
"SHIRO_CHICKPEA_STEW","Shiro/Chickpea stew","g","LEGUMES","","An Ethiopian chickpea flour stew served with injera."
"SHITO_SAUCE","Shito sauce","mL","CONDIMENTS; FISH; SHELLFISH","","A Ghanaian dried shrimp and chili pepper sauce used as a condiment."
"SHORTENING","Shortening","g","PANTRY","","Solid vegetable fat used in pastry and frying."
"SHRAK_FLATBREAD","Shrak flatbread","pc","GLUTEN; PANTRY","","A thin Levantine flatbread baked on a domed griddle."
"SHRIMP","Shrimp","g","CRUSTACEANS; SHELLFISH","","Small, sweet shellfish used in stir-fries, pasta and soups."
"SHRIMP_PASTE","Shrimp paste","g","CRUSTACEANS; CONDIMENTS; SHELLFISH","","A pungent fermented shrimp condiment essential in South-East Asian cooking."
"SHRIMP_POWDER","Shrimp powder","g","CRUSTACEANS; SHELLFISH","","Ground dried shrimp used as a seasoning in West African and Asian cooking."
"SICHUAN_PEPPERCORNS","Sichuan peppercorns","g","SPICES; GRAINS","","Chinese spice berries with a numbing, tingly heat distinct from chili heat."
"SIRENE_CHEESE","Sirene cheese","g","CHEESE; DAIRY","","A Bulgarian and Balkan white brine cheese similar to feta."
"SMALL_DRIED_FISH","Small dried fish","g","FISH","","Tiny dried fish used whole as a seasoning in African and Asian cooking."
"SMALL_FISH_VENDACE","Small fish/Vendace","g","FISH","","Tiny vendace fish from Northern Europe, often smoked or fried whole."
"SMOKED_BACON","Smoked bacon","g","PORK","BACON","Bacon cured with salt and wood-smoked for added flavour."
"SMOKED_FISH","Smoked fish","g","FISH","FISH","Fish preserved and flavoured by wood smoke."
"SMOKED_LAMB","Smoked lamb","g","LAMB","LAMB","Lamb cured and smoked, used in Icelandic and Central Asian cooking."
"SMOKED_PORK_COLLAR","Smoked pork collar","g","PORK","PORK","Cured and smoked pork neck, used in Luxembourg's national dish."
"SMOKED_TUNA","Smoked tuna","g","LEAN_FISH; FISH","TUNA","Tuna preserved by wood smoke, used in Maldivian cooking."
"SOFT_BOILED_EGG","Soft-boiled egg","pc","EGGS","EGG","An egg boiled to leave the yolk runny, used as a ramen topping."
"SOFT_TOFU","Soft tofu","g","LEGUMES; SOY","","The most delicate form of tofu with a custard-like texture."
"SOMUN_BREAD","Somun bread","g","GLUTEN; PANTRY","","A round Bosnian sesame-topped bread used with cevapi."
"SORGHUM","Sorghum","g","GRAINS","","A hardy grain grown in Africa and Asia, used as porridge and flour."
"SORGHUM_FLOUR","Sorghum flour","g","GRAINS","","Flour milled from sorghum grain used in flatbreads and porridges."
"SORGHUM_MEAL","Sorghum meal","g","GRAINS","","Coarsely ground sorghum used in African porridges."
"SOUMBALA","Soumbala","g","PANTRY","","Fermented locust bean paste used as a flavouring in West African cooking."
"SOUR_CREAM","Sour cream","mL","DAIRY; MILK","","A cultured, thick cream with a tangy flavour."
"SOUR_ORANGE_JUICE","Sour orange juice","mL","FRUIT_VEG; RAW","","The juice of bitter Seville oranges used in Cuban and Yucatecan marinades."
"SOY_SAUCE","Soy sauce","mL","CONDIMENTS; SOY; GLUTEN","","A salty, fermented soybean sauce used across East and South-East Asian cuisine."
"SPAGHETTI","Spaghetti","g","GLUTEN; PANTRY","","Long, thin cylindrical pasta from Southern Italy."
"SPILANTHES_MAFANE_GREENS","Spilanthes/Mafane greens","g","VEGETABLES","","Tingling, peppery African greens used in Malagasy cuisine."
"SPINACH","Spinach","g","LEAFY_VEG; RAW","","A mild, tender leafy green used raw in salads or cooked in soups."
"SPLIT_PEAS","Split peas","g","LEGUMES","","Dried and split peas that dissolve when cooked, used in soups."
"SQUASH","Squash","g","FRUIT_VEG","","A broad category of fleshy gourds used in soups and stews."
"SQUID_INK","Squid ink","g","MOLLUSKS; SHELLFISH","","The dark, briny ink of squid used in Venetian and Spanish black rice."
"STAR_ANISE","Star anise","g","SPICES","","A star-shaped spice with an intense anise flavour, used in Chinese five-spice."
"SUGAR","Sugar","g","PANTRY","","A sweetener from cane or beet, used in baking and preserving."
"SULGUNI_CHEESE","Sulguni cheese","g","CHEESE; DAIRY","","A Georgian semi-soft, brined cheese with a tangy, elastic texture."
"SUMAC","Sumac","g","SPICES","","A tart, fruity Middle Eastern spice used to season kebabs and rice."
"SUNFLOWER_OIL","Sunflower oil","mL","CONDIMENTS","","A neutral-flavoured cooking oil used for frying and dressings."
"SUSHI_RICE","Sushi rice","g","GRAINS","","Short-grain Japanese rice seasoned with rice vinegar."
"SWEET_POTATO","Sweet potato","g","ROOT_VEG","","A vibrant orange-fleshed tuber, sweet and nutritious."
"SWEET_POTATO_LEAVES","Sweet potato leaves","leaf","ROOT_VEG; RAW","","The tender leaves of the sweet potato plant, cooked in stews."
"TABOON_BREAD","Taboon bread","g","GLUTEN; PANTRY","","A Levantine flatbread baked in a clay taboon oven."
"TAHINI","Tahini","g","CONDIMENTS; SESAME","","A smooth paste of ground sesame seeds used in hummus and dressings."
"TAMARIND","Tamarind","g","CONDIMENTS; SPICES","","A sour tropical pod used to add tartness to chutneys and curries."
"TAMARIND_PASTE","Tamarind paste","g","CONDIMENTS","","Concentrated tamarind pulp used as a convenient souring agent."
"TARO","Taro","g","PANTRY","","A starchy tropical root used in Pacific Island and Asian cooking."
"TEFF_FLOUR","Teff flour","g","GRAINS","","Fine flour from teff grain used to make Ethiopian injera."
"THYME","Thyme","sprig","HERBS","","A fragrant herb with small leaves and a slightly lemony, earthy flavour."
"TOASTED_RICE_POWDER","Toasted rice powder","g","GRAINS","RICE","Ground toasted rice used to thicken and add texture to Lao salads."
"TOFU","Tofu","g","LEGUMES; SOY","","A soft, neutral soybean curd used in East Asian stir-fries and soups."
"TOFU_PUFFS","Tofu puffs","g","LEGUMES; SOY","","Deep-fried tofu cubes with a crispy exterior and soft interior."
"TOMATO","Tomato","pc","TOMATOES; RAW","","A juicy, acidic fruit used as the base of countless sauces and stews."
"TOMATO_PASTE","Tomato paste","g","TOMATOES; CONDIMENTS","","Concentrated cooked tomato with intense flavour used to enrich braises."
"TOMATO_PUREE","Tomato puree","mL","TOMATOES; RAW","","Smooth, uncooked blended tomatoes used as a sauce base."
"TOMATOES","Tomatoes","pc","TOMATOES; RAW","","The most versatile fruit-vegetable in global cooking."
"TOP_SIRLOIN_CAP","Top sirloin cap","g","PANTRY","","Brazilian picanha: a prized beef cut with a thick fat cap, grilled whole."
"TORTILLA","Tortilla","pc","GLUTEN; PANTRY","","A thin, round flatbread of corn or wheat flour used in Mexican cooking."
"TORTILLA_CHIPS","Tortilla chips","pc","GLUTEN; PANTRY","","Fried or baked corn tortilla pieces used as a snack."
"TOUGH_CHICKEN","Tough chicken","g","POULTRY","","An older free-range chicken with firm, flavourful meat for slow cooking."
"TRIPE","Tripe","g","PANTRY","","Stomach lining of beef or lamb slow-cooked in soups and stews."
"TUNA","Tuna","g","LEAN_FISH; FISH","","A large, meaty ocean fish eaten fresh, seared, tinned or cured."
"TUNA_CHUNKS","Tuna chunks","g","LEAN_FISH; FISH","","Pieces of tuna used in salads, sandwiches and pasta dishes."
"TURKEY","Turkey","g","POULTRY","","Large domestic bird eaten at festive occasions, roasted whole or in stews."
"TURMERIC","Turmeric","g","SPICES","","A bright orange spice with an earthy flavour and powerful anti-inflammatory properties."
"TURMERIC_LEAF","Turmeric leaf","leaf","SPICES","","Large turmeric leaves used to wrap and flavour food in Indonesian cooking."
"TURNIPS","Turnips","g","ROOT_VEG; RAW","","A white or purple root vegetable with a peppery flavour."
"VANILLA","Vanilla","g","PANTRY","","The seed pod of a tropical orchid, providing a sweet, floral flavour."
"VANILLA_BEANS","Vanilla beans","g","LEGUMES; PANTRY","","Whole vanilla pods split and scraped for their aromatic seeds."
"VEAL_CUTLETS","Veal cutlets","pc","BEEF","","Thin slices of veal pounded for schnitzel or sauteed in butter."
"VEGETABLE_OIL","Vegetable Oil","mL","PANTRY; CONDIMENTS","","A neutral cooking oil used for frying and dressings."
"VINEGAR","Vinegar","mL","CONDIMENTS; PANTRY","","A fermented acidic liquid used to preserve, pickle and add sharpness."
"WAAKYE_LEAVES","Waakye leaves","leaf","PANTRY","","Dried sorghum stalks used to colour and flavour Ghanaian waakye rice."
"WAGASI_CHEESE","Wagasi cheese","g","CHEESE; DAIRY","","A fresh West African cow's milk cheese from Benin, pan-fried."
"WALNUTS","Walnuts","g","PANTRY; TREE_NUTS","","Rich, earthy tree nuts used in salads, sauces and baking."
"WASABI","Wasabi","g","PANTRY","","Japanese green horseradish paste with a sharp, pungent heat."
"WATER","Water","mL","PANTRY","","The most essential cooking liquid used in boiling, blanching and poaching."
"WATERCRESS","Watercress","mL","LEAFY_VEG; RAW; PANTRY","","A peppery aquatic plant used in salads and soups."
"WHEAT_FLOUR","Wheat flour","g","GLUTEN; GRAINS","","All-purpose flour milled from wheat berries."
"WHITE_BEANS","White beans","g","LEGUMES","","Mild, creamy legumes used in cassoulet and minestrone."
"WHITE_FISH","White fish","g","FISH","","Any mild-flavoured white-fleshed fish such as cod or haddock."
"WHITE_PEPPER","White pepper","g","SPICES","","Ground dried white peppercorns with a milder, more earthy heat."
"WHITE_RICE","White rice","g","GRAINS","","Milled white rice with the bran layer removed."
"WHITE_WINE","White wine","mL","PANTRY; SULPHITES","","Dry or sweet wine used in seafood sauces, braises and risotto."
"WHOLE_CARP","Whole Carp","g","LEAN_FISH; FISH","","A freshwater fish slow-grilled whole in the Iraqi masgouf tradition."
"WHOLE_DUCK","Whole duck","g","POULTRY","","A whole duck used for slow-roasting or Peking duck."
"WHOLE_LAMB","Whole lamb","g","LAMB","","An entire lamb slow-roasted or cooked underground for feasts."
"WHOLE_SNAPPER","Whole snapper","g","LEAN_FISH; FISH","","A whole red or white snapper fish grilled or baked."
"WONTON_WRAPPERS","Wonton wrappers","pc","GLUTEN; PANTRY","","Thin squares of wheat pastry used for dumplings and wontons."
"WORCESTERSHIRE_SAUCE","Worcestershire sauce","mL","CONDIMENTS; FISH; GLUTEN; SULPHITES","","A fermented British condiment of vinegar, tamarind, anchovies and spices."
"YAK_CHEESE","Yak cheese","g","CHEESE; DAIRY","","A distinctive cheese made from yak milk used in Bhutanese cooking."
"YAM","Yam","g","ROOT_VEG; RAW","","A starchy tuber distinct from sweet potato, pounded for fufu in West Africa."
"YEAST","Yeast","g","PANTRY","","A leavening agent used to make bread and fermented beverages rise."
"YELLOW_PEA_STEW","Yellow pea stew","g","PANTRY","","A thick yellow split pea soup with smoked meat."
"YELLOW_SPLIT_PEAS","Yellow split peas","g","LEGUMES","","Yellow split peas used in Scandinavian and European soups."
"YOGURT","Yogurt","mL","DAIRY; YOGHURT","","Fermented dairy with a tangy, creamy texture used in dips and marinades."
"YOGURT_MATSONI","Yogurt/Matsoni","mL","DAIRY; YOGHURT","","A Georgian fermented milk product similar to yogurt."
"ZUCCHINI","Zucchini","g","FRUIT_VEG","","A mild summer squash used grilled, stuffed or in ratatouille."
"ABALONE_PAUA","Abalone/Pāua","g","SHELLFISH; MOLLUSKS","","Abalone (pāua in Māori), a prized shellfish with a firm, chewy texture."
"ACHIOTE","Achiote","g","SPICES","","A red-orange natural food colouring from annatto seeds, used in Latin American cooking."
"ACHIOTE_PASTE","Achiote paste","g","SPICES; CONDIMENTS","","A Yucatecan paste of ground annatto seeds and spices, used to marinate meats and fish."
"AJI_AMARILLO_FRESH","Ají amarillo","pc","SPICES","","Peru's most important fresh chili with fruity heat and a vivid orange colour."
"AJI_AMARILLO_PASTE","Ají amarillo paste","g","SPICES; CONDIMENTS","","Puréed Peruvian ají amarillo chili, used in sauces, stews and ceviche."
"AJI_CHOMBO","Ají chombo","pc","SPICES","","A Panamanian hot chili pepper similar to a habanero."
"AJI_LIMO","Ají limo","pc","SPICES","","A Peruvian lemon-shaped chili with floral heat, key in ceviche."
"AJI_PANCA_FRESH","Ají panca","g","SPICES","","A Peruvian dried chili with deep burgundy colour and mild, fruity heat."
"ANNATTO","Annatto","g","SPICES","","Natural red-orange food colouring and mild spice from the seeds of the achiote tree."
"APPLE_CIDER_VINEGAR","Apple cider vinegar","mL","CONDIMENTS","","Tangy fermented apple vinegar used in dressings, marinades and preserves."
"APRICOT_JAM","Apricot jam","g","CONDIMENTS","","Sweet preserved apricot spread used in glazes, pastries and desserts."
"BAGOONG","Bagoong","g","CONDIMENTS; SHELLFISH","","Filipino fermented shrimp or fish paste, used as a pungent condiment."
"BAGUETTE","Baguette","pc","BREADS; GLUTEN","","A classic French long, crusty white bread loaf."
"BAMBOO_SHOOTS","Bamboo shoots","g","VEGETABLES","","Young bamboo sprouts with a mild, crunchy texture, used in Asian stir-fries and soups."
"BANANA_BLOSSOM","Banana blossom","g","VEGETABLES; FRUIT_VEG","","The flower of the banana plant, used as a meat substitute in vegan cooking."
"BANANA_STEM","Banana stem","g","VEGETABLES","","The inner core of the banana plant stalk, used in South and Southeast Asian cuisine."
"BARA_FRIED_BREAD","Bara fried bread","pc","BREADS; GLUTEN","","A Trinidadian fried flatbread used in the street food dish doubles."
"BARBECUE_SAUCE","Barbecue sauce","mL","CONDIMENTS","","A smoky-sweet sauce used for grilling and as a dipping condiment."
"BEEF_BONE_BROTH","Beef bone broth","mL","BEEF; CONDIMENTS","","Rich broth made by simmering beef bones for many hours to extract collagen and minerals."
"BEEF_BONES","Beef bones","g","BEEF","","Beef bones used for making rich stocks and broths."
"BEEF_HEART","Beef heart","g","BEEF","","A lean, flavourful offal cut from the cow's heart."
"BEEF_RIB_ROAST","Beef rib roast","g","BEEF","","A prime rib roast from the rib section, ideal for slow oven roasting."
"BEEF_SHANK","Beef shank","g","BEEF","","A tough, collagen-rich cut from the leg that becomes tender with slow braising."
"BEEF_STEW","Beef stew","g","BEEF","BEEF","Slow-cooked beef chunks and vegetables in a rich, savoury sauce."
"BEEF_TRIPE","Beef tripe","g","BEEF","","The edible stomach lining of the cow, used in traditional soups and stews."
"BEER_SAUCE","Beer sauce","mL","CONDIMENTS; GLUTEN","BEER","A savoury sauce made with beer, used in Belgian and German cooking."
"BLACK_CUMIN","Black cumin","g","SPICES","","Also known as nigella seeds or kalonji, with a peppery, slightly bitter floral flavour."
"BLOSSOM_WATER","Blossom water","mL","PANTRY","","Distilled flower water (rose or orange blossom) used in Middle Eastern and North African desserts."
"BLUEBERRIES","Blueberries","g","FRUIT_VEG; RAW","","Small, sweet-tart berries used in desserts, sauces and smoothies."
"BOEREWORS_SAUSAGE","Boerewors sausage","pc","PORK; BEEF","","South African coiled sausage made from a beef and pork mix with coriander and cloves."
"BOMBA_RICE","Bomba rice","g","GRAINS","","A short-grain Spanish rice variety that absorbs broth without becoming mushy, ideal for paella."
"BREAD","Bread","pc","BREADS; GLUTEN","","General leavened wheat bread used in many dishes."
"BREAD_LOAF","Bread loaf","pc","BREADS; GLUTEN","","A whole loaf of leavened bread."
"BREAD_ROLL","Bread roll","pc","BREADS; GLUTEN","","A small, individual-sized crusty bread roll."
"BREAD_ROLLS","Bread rolls","pc","BREADS; GLUTEN","","Small individual bread rolls used as side bread."
"BROKEN_RICE","Broken rice","g","GRAINS","","Fragmented rice grains used in Vietnamese and West African cooking."
"BRUSSELS_SPROUTS","Brussels sprouts","pc","VEGETABLES; FLOWER_VEG","","Small leafy green brassicas with a slightly bitter, nutty flavour."
"BRYNDZA_CHEESE","Bryndza sheep cheese","g","DAIRY; SOFT_CHEESE; CHEESE","","A tangy, crumbly sheep's milk cheese from Slovakia and Eastern Europe."
"BULGHUR","Bulghur","g","GRAINS; GLUTEN","","Parboiled cracked wheat with a nutty flavour, used in tabbouleh and pilafs."
"BUTTERNUT","Butternut","pc","VEGETABLES","","A sweet, nutty winter squash with orange flesh, used in soups and roasts."
"CALAMANSI","Calamansi","pc","FRUIT_VEG","","A small, tart citrus fruit from Southeast Asia used for its juice in dressings and drinks."
"CAMEL_MILK","Camel milk","mL","DAIRY","","Fresh or fermented milk from camels, consumed in Central Asia and East Africa."
"CANCHA","Cancha","g","GRAINS","","Toasted large-kernel Andean corn, served as a crunchy snack alongside ceviche."
"CARAWAY","Caraway","g","SPICES","","A seed spice with an anise-like flavour, common in Eastern European breads, sauerkraut and stews."
"CARROT","Carrot","pc","ROOT_VEG","","A sweet, crunchy orange root vegetable widely used in cooking."
"CATFISH","Catfish","g","LEAN_FISH; FISH","","A mild, firm freshwater fish widely eaten in the American South, Africa and Southeast Asia."
"CAVIAR_SMOKED_SALMON","Caviar/Smoked salmon","g","FAT_FISH; FISH","","Luxury fish roe or cold-smoked salmon used as a garnish or appetizer."
"CELERIAC","Celeriac","g","ROOT_VEG; CELERY","","A root celery variety with a mild, nutty celery-like flavour."
"CHAPATI","Chapati","pc","BREADS; GLUTEN","","A South Asian unleavened whole-wheat flatbread cooked on a dry griddle."
"CHEDDAR_CHEESE","Cheddar cheese","g","DAIRY; HARD_CHEESE; CHEESE","","A firm, sharp cow's milk cheese originating from England."
"CHEDDAR_FARMER_CHEESE","Cheddar/Farmer cheese","g","DAIRY; HARD_CHEESE; CHEESE","","Cheddar or farmer-style fresh cheese used in various dishes."
"CHERRY_TOMATOES","Cherry tomatoes","pc","FRUIT_VEG; TOMATOES","","Small, sweet tomatoes eaten whole or halved in salads and pasta."
"CHICHARRON","Chicharrón","g","PORK","PORK_BELLY","Crispy fried pork skin or belly, popular throughout Latin America."
"CHICKEN_CARCASS","Chicken carcass","g","POULTRY","","Chicken bones and frame used for making rich, gelatinous stock."
"CHICKPEA_FLOUR","Chickpea flour","g","LEGUMES; GLUTEN_FREE","","Flour ground from dried chickpeas, used in fritters, flatbreads and batters."
"CHILI_DIPPING_SAUCE","Chili dipping sauce","mL","CONDIMENTS; SPICES","","A spicy dipping sauce made from fresh or dried chilies."
"CHILI_SAUCE","Chili sauce","mL","CONDIMENTS; SPICES","","A smooth, spicy sauce made from red chilies."
"CHUTNEY","Chutney","g","CONDIMENTS","","A sweet-sour preserve of fruit, spices and vinegar from the Indian subcontinent."
"CLAMS","Clams","g","SHELLFISH; MOLLUSKS","","Bivalve mollusks with a briny, sweet flesh, used in pasta and chowders."
"CORN_DOUGH","Corn dough","g","GRAINS","","Masa or wet-ground corn dough used for tortillas and tamales."
"CORN_HUSKS","Corn husks","pc","PANTRY","","The dry outer leaves of corn cobs, used to wrap tamales for steaming."
"CORN_TORTILLAS","Corn tortillas","pc","BREADS; GRAINS","","Thin unleavened flatbreads made from nixtamalized corn masa."
"CORNMEAL_DUMPLINGS","Cornmeal dumplings","pc","GRAINS","CORNMEAL","Small dumplings made from cornmeal, common in Caribbean cooking."
"CRAB","Crab","g","SHELLFISH; CRUSTACEANS","","A crustacean with sweet, delicate meat used in salads, soups and pasta."
"CRAYFISH","Crayfish","g","SHELLFISH; CRUSTACEANS","","A freshwater crustacean resembling a small lobster, used in stews and bisques."
"CRAYFISH_POWDER","Crayfish powder","g","SHELLFISH; CRUSTACEANS","","Dried and ground crayfish, a key seasoning in West African soups and stews."
"CREAM_SAUCE","Cream sauce","mL","CONDIMENTS; DAIRY","CREAM","A rich sauce made from cream, used in pasta, fish and potato gratins."
"CRISPBREAD","Crispbread","pc","BREADS; GRAINS; GLUTEN","","A thin, dry Scandinavian cracker made from rye or wheat flour."
"CRISPY_GARLIC","Crispy garlic","g","PANTRY","GARLIC","Thinly sliced garlic fried until golden and crispy, used as a garnish."
"CULANTRO","Culantro","bunch","HERBS","","A pungent herb resembling cilantro in flavour, used in Caribbean and Latin American cooking."
"CURRIED_CHICKPEAS","Curried chickpeas","g","LEGUMES; SPICES","CHICKPEAS","Chickpeas simmered in a spiced curry sauce."
"DARK_CHOCOLATE","Dark chocolate","g","PANTRY","","Chocolate with a high cocoa content and a rich, bitter flavour."
"DARK_SOY_SAUCE","Dark soy sauce","mL","CONDIMENTS; SOY","","A thicker, darker soy sauce with a richer, slightly sweet flavour used in braises and glazes."
"DASHEEN","Dasheen","g","ROOT_VEG; VEGETABLES","","A tropical taro-like root vegetable used in Caribbean soups and stews."
"DASHEEN_LEAVES","Dasheen leaves","g","LEAFY_VEG; VEGETABLES","","The large green leaves of the dasheen (taro) plant, used in Caribbean soups."
"DASHEEN_CALLALOO_LEAVES","Dasheen/Callaloo leaves","g","LEAFY_VEG; VEGETABLES","","Dasheen or callaloo leaves used in Caribbean pepper pot and callaloo soup."
"DATES","Dates","g","PANTRY","","Sweet, caramel-like dried fruits from the date palm, widely used in Middle Eastern cooking."
"DENDE_OIL","Dendê oil","mL","PANTRY","","West African red palm oil with a distinctive nutty flavour, essential in Brazilian Bahian cooking."
"DIJON_MUSTARD","Dijon mustard","g","CONDIMENTS; MUSTARD","","A smooth French mustard from Dijon, used in sauces, dressings and marinades."
"DIPPING_SAUCE","Dipping sauce","mL","CONDIMENTS","","A generic dipping sauce served alongside fried, grilled or steamed foods."
"DRIED_BARBERRIES","Dried berberries","g","PANTRY","","Tart dried Iranian barberries used in rice dishes like zereshk polo."
"DRIED_BONITO_FLAKES","Dried bonito flakes","g","LEAN_FISH; FISH","","Shaved, fermented and dried skipjack tuna, the base of Japanese dashi stock."
"DRIED_CHILIES","Dried chilies","g","SPICES","","Dehydrated chili peppers used to add heat and depth to stews and sauces."
"DRIED_COD_LUTEFISK","Dried cod/Lutefisk","g","LEAN_FISH; FISH","","Dried and salted cod or lye-treated Norwegian lutefisk."
"DRIED_FRUITS","Dried fruits","g","PANTRY","","Assorted dried fruits such as raisins, sultanas or apricots, used in tagines and pilafs."
"DRIED_GUAJILLO_CHILIES","Dried guajillo chilies","g","SPICES","","Dried Mexican guajillo peppers with a mild heat and tangy berry flavour."
"DRIED_MUSHROOMS","Dried mushrooms","g","VEGETABLES","","Dehydrated mushrooms with an intensified umami flavour, used in stocks and stews."
"DRIED_SHRIMP","Dried shrimp","g","SHELLFISH; CRUSTACEANS","","Small dried shrimp used as a seasoning in West African and Southeast Asian cooking."
"DRY_WHITE_WINE","Dry white wine","mL","PANTRY; SULPHITES","","Unsweetened white wine used in cooking sauces, risottos and shellfish dishes."
"DUMPLINGS","Dumplings","pc","BREADS; GLUTEN","FLOUR","Small dough parcels filled with meat or vegetables, boiled, steamed or fried."
"EGG_WHITES","Egg whites","mL","EGGS","","The clear protein-rich liquid part of an egg, used in meringues and soufflés."
"EGUSI_SEEDS","Egusi seeds","g","PANTRY","","Dried, ground West African melon seeds used in soups and stews."
"EHURU_SEEDS","Ehuru seeds","g","SPICES","","African nutmeg-like seeds used in Nigerian and Cameroonian cooking."
"EMMENTAL_CHEESE","Emmental cheese","g","DAIRY; HARD_CHEESE; CHEESE","","A Swiss cheese with characteristic holes and a mild, nutty flavour."
"FENUGREEK_FOAM","Fenugreek foam","g","SPICES","FENUGREEK","A spiced fenugreek froth used as a topping in Yemeni cuisine."
"FERMENTED_RYE_FLOUR","Fermented rye flour","g","GRAINS; GLUTEN","","Rye flour that has been naturally fermented, used in Nordic sourdough breads."
"FERMENTED_TEA_LEAVES","Fermented tea leaves","g","PANTRY","","Pickled tea leaves (laphet) used in Burmese salads."
"FISH_BONES","Fish bones","g","LEAN_FISH; FISH","","Fish bones and frames used for making fish stock."
"FIVE_SPICE","Five-spice","g","SPICES","","A Chinese spice blend of star anise, cloves, cinnamon, Sichuan pepper and fennel seeds."
"FLAT_RICE_NOODLES","Flat rice noodles","g","GRAINS","","Wide, flat noodles made from rice flour, used in Pad Thai and Pho."
"FREEKEH","Freekeh","g","GRAINS; GLUTEN","","Roasted young green wheat with a smoky, nutty flavour, popular in the Levant."
"FRESH_CABBAGE","Fresh cabbage","g","LEAFY_VEG; VEGETABLES","","Tender green cabbage used raw in salads or cooked in soups and stir-fries."
"FRIED_PEAS","Fried peas","g","LEGUMES","PEAS","Crispy deep-fried peas, a popular British snack."
"FRIED_PLANTAINS","Fried plantains","pc","FRUIT_VEG","PLANTAINS","Ripe plantains sliced and fried until golden and caramelised."
"GORAKA","Goraka/Dried gamboge","g","SPICES","","A sour, fruity dried spice from Sri Lanka used in fish curries and sambols."
"GRAVLAX","Gravlax","g","FAT_FISH; FISH","SALMON","Scandinavian cold-cured salmon with dill, salt and sugar."
"GREEN_BANANA","Green banana","pc","FRUIT_VEG","","Unripe banana used as a starchy vegetable in Caribbean and African cooking."
"GREEN_BANANA_FIG","Green banana/fig","pc","FRUIT_VEG","","Unripe banana (known as fig in the Caribbean) used as a starchy vegetable."
"GREEN_BANANAS","Green bananas","pc","FRUIT_VEG","","Unripe bananas cooked as a starchy vegetable in tropical cuisines."
"GREEN_PEPPER","Green pepper","pc","FRUIT_VEG","","An unripe bell pepper with a slightly bitter, grassy flavour."
"GREENS","Greens","g","LEAFY_VEG; VEGETABLES","","A general term for dark leafy green vegetables such as kale or collards."
"GREENS_KALE","Greens/Kale","g","LEAFY_VEG; VEGETABLES","","Dark leafy greens, particularly kale, used in soups and sautés."
"GRILLED_PORK_CHOP","Grilled pork chop","pc","PORK","PORK","A bone-in or boneless pork chop cooked over a grill."
"GROUNDNUT_PASTE","Groundnut paste","g","PANTRY","PEANUTS","Smooth peanut paste used as a base in West African stews."
"GRUYERE_CHEESE","Gruyère cheese","g","DAIRY; HARD_CHEESE; CHEESE","","A firm Swiss cheese with a rich, slightly sweet nutty flavour."
"HAM","Ham","g","PORK","","Cured and sometimes smoked pork leg, used in sandwiches and cooked dishes."
"HARICOT_BEANS","Haricot beans","g","LEGUMES","","Small white beans used in French cassoulet and British baked beans."
"HOAGIE_ROLL","Hoagie roll","pc","BREADS; GLUTEN","","A long, crusty bread roll used for submarine sandwiches."
"HOMINY_CORN","Hominy corn","g","GRAINS","","Dried maize kernels treated with alkali (nixtamalization), used in pozole."
"HORSERADISH_SAUCE","Horseradish sauce","g","CONDIMENTS","HORSERADISH","A pungent creamy sauce made from grated horseradish root."
"HOT_STONES","Hot stones","pc","PANTRY","","Heated cooking stones used in traditional Polynesian and Māori hangi earth-oven cooking."
"HULBA_SAUCE","Hulba sauce","g","CONDIMENTS; SPICES","FENUGREEK","A Yemeni fenugreek-based frothy sauce served with saltah stew."
"IBERIAN_HAM","Iberian ham","g","PORK","","Premium Spanish cured ham (jamón ibérico) from acorn-fed Iberian pigs."
"ICE","Ice","g","PANTRY","","Frozen water used to chill dishes and drinks."
"JALAPENO","Jalapeño","pc","SPICES","","A medium-heat green chili pepper widely used in Mexican and Tex-Mex cooking."
"JANSSONS_FRESTELSE","Janssons frestelse","g","LEAN_FISH; GRAINS","POTATOES","A Swedish potato and anchovy gratin, traditionally served at Christmas."
"KABSA_SPICE_MIX","Kabsa spice mix","g","SPICES","","A Saudi Arabian spice blend of dried lime, rose and warming spices for kabsa rice."
"KAFFIR_LIME","Kaffir lime","pc","FRUIT_VEG; HERBS","","A bumpy-skinned citrus fruit whose leaves and zest are essential in Thai and Southeast Asian cooking."
"KAJMAK","Kajmak/Cream","g","DAIRY","","A thick, creamy Balkan dairy product similar to clotted cream or crème fraîche."
"KALE","Kale","g","LEAFY_VEG; VEGETABLES","","A hardy, dark leafy green brassica with a slightly bitter, earthy flavour."
"KALE_ENDIVE","Kale/Endive","g","LEAFY_VEG; VEGETABLES","","Kale or endive leafy greens used in salads and slow-cooked stews."
"KANGKONG","Kangkong","bunch","LEAFY_VEG; VEGETABLES","","Water spinach or morning glory, a leafy green used in Asian stir-fries."
"KATYK","Katyk/Sour milk","mL","DAIRY","","A Central Asian fermented milk similar to kefir or thin yoghurt."
"KIELBASA_SAUSAGE","Kielbasa sausage","pc","PORK","","A Polish smoked pork sausage seasoned with garlic and marjoram."
"KIRSCH","Kirsch","mL","PANTRY","","A clear cherry brandy used in Swiss fondue and Black Forest cake."
"KIWI_FRUIT","Kiwi fruit","pc","FRUIT_VEG","","A tangy-sweet New Zealand fruit with green flesh and edible black seeds."
"KOMBU","Kombu","g","VEGETABLES","","Dried kelp seaweed used in Japanese dashi stock and as a natural seasoning."
"KUMARA","Kumara/Sweet potato","pc","ROOT_VEG","","New Zealand sweet potato (kumara) with a rich, sweet orange or purple flesh."
"LAMB_CHOPS","Lamb chops","pc","LAMB","","Individual portions of lamb from the rib or loin, grilled or pan-fried."
"LAMB_CURRY","Lamb curry","g","LAMB; SPICES","LAMB","Lamb pieces slow-cooked in a fragrant spiced curry sauce."
"LAMB_OR_BEEF","Lamb or beef","g","LAMB; BEEF","","Lamb or beef used interchangeably in recipes such as kebabs and stews."
"LARD_FAT","Lard/Fat","g","PORK","","Rendered pork fat or cooking lard used for frying and pastry making."
"LARD_SHORTENING","Lard/Shortening","g","PORK","","Rendered pork fat or vegetable shortening used in baking."
"LEAFY_GREENS","Leafy greens","g","LEAFY_VEG; VEGETABLES","","A general term for edible leafy green vegetables used in salads and soups."
"LECHE_DE_TIGRE","Leche de tigre","mL","CONDIMENTS","LEMON_JUICE","The citrus-based marinade from ceviche, drunk as a shot in Peru."
"LEMON_ZEST","Lemon zest","g","FRUIT_VEG","","The grated outer peel of a lemon used to add bright citrus fragrance."
"LINGUICA_SAUSAGE","Linguica sausage","pc","PORK","","A Portuguese smoked pork sausage seasoned with garlic and paprika."
"LIVER_SAUCE","Liver sauce","mL","CONDIMENTS; BEEF","LIVER","A rich sauce made from liver, used in some Central European dishes."
"LONG_BEANS","Long beans","g","LEGUMES; VEGETABLES","","Also known as yard-long beans, used in Asian stir-fries and salads."
"LONG_GRAIN_RICE","Long grain rice","g","GRAINS","","A slender rice variety that cooks into separate, fluffy individual grains."
"LOVAGE","Lovage","bunch","HERBS","","A tall celery-like herb with a strong, savoury flavour, used in Eastern European cooking."
"MAGGI_SEASONING","Maggi seasoning","mL","CONDIMENTS","","A concentrated liquid seasoning sauce popular in African, Asian and Latin American cooking."
"MALT_VINEGAR","Malt vinegar","mL","CONDIMENTS; GLUTEN","","A dark, sharp vinegar made from fermented malt, used on British fish and chips."
"MANDI_SPICES","Mandi spices","g","SPICES","","An Arabic spice blend used for slow-cooked mandi rice and meat dishes."
"MAPLE_SYRUP","Maple syrup","mL","PANTRY","","Sweet tree sap syrup from maple trees, used in Canadian and American cooking."
"MASAREPA","Masarepa corn flour","g","GRAINS","","Pre-cooked corn flour used to make Colombian and Venezuelan arepas."
"MASSAMAN_CURRY_PASTE","Massaman curry paste","g","SPICES; CONDIMENTS","","A mild Thai-Muslim curry paste with warming spices such as cardamom and cinnamon."
"MEATBALLS","Meatballs","pc","BEEF; PORK","GROUND_BEEF","Balls of seasoned minced meat, baked or fried, used in pasta and stews."
"MERGUEZ_SAUSAGE","Merguez sausage","pc","LAMB","","A spicy North African lamb and beef sausage seasoned with harissa."
"MILLET","Millet","g","GRAINS; GLUTEN_FREE","","An ancient gluten-free grain widely eaten as a staple in Africa and Asia."
"MORCILLA","Morcilla","pc","PORK","","A Spanish blood sausage made with pork blood and rice."
"MUD_CRAB","Mud crab","g","SHELLFISH; CRUSTACEANS","","A large, meaty crab found in mangrove mudflats across Asia and Australia."
"MUSHY_PEAS","Mushy peas","g","LEGUMES","PEAS","Dried marrowfat peas soaked and cooked until soft, a British chip shop classic."
"MUSTARD_POWDER","Mustard powder","g","SPICES; MUSTARD","","Dried, ground mustard seed used as a spice or to make prepared mustard."
"MUSTARD_SAUCE","Mustard sauce","g","CONDIMENTS; MUSTARD","MUSTARD","A smooth, pungent sauce made from mustard, used with meats and sandwiches."
"NAM_PRIK_PAO","Nam prik pao","g","CONDIMENTS; SPICES","","Thai roasted chili paste, a key base for tom yum soup and stir-fries."
"NAME_YAM","Ñame","g","ROOT_VEG","","A tropical yam (ñame) used as a starchy staple in Caribbean and Latin American cooking."
"NDOLE_LEAVES","Ndolé leaves","g","LEAFY_VEG; VEGETABLES","","Bitter greens used in Cameroonian ndolé stew."
"OLIVE","Olive","pc","PANTRY","","Cured olives used in Mediterranean cooking and as a table snack."
"PARMESAN","Parmesan","g","DAIRY; HARD_CHEESE; CHEESE","","Parmigiano-Reggiano, an Italian aged hard cheese with an intense umami flavour."
"PARSNIPS","Parsnips","pc","ROOT_VEG","","A sweet, nutty white root vegetable similar to a carrot."
"PASSIONFRUIT","Passionfruit","pc","FRUIT_VEG","","A tropical fruit with intensely tangy seeds, used in desserts and drinks."
"PEAR","Pear","pc","FRUIT_VEG","","A sweet, juicy fruit used in salads, desserts and poaching."
"PEPPER_SAUCE","Pepper sauce","mL","CONDIMENTS; SPICES","","A hot sauce made from fermented peppers, popular in the Caribbean and Latin America."
"PICKLED_CABBAGE_LEAVES","Pickled cabbage leaves","g","VEGETABLES","CABBAGE","Fermented or brined cabbage leaves used to wrap stuffed cabbage rolls."
"PICKLED_CARROT_DAIKON","Pickled carrot and daikon","g","VEGETABLES; ROOT_VEG","CARROT","Vietnamese pickled carrot and daikon radish, used in bánh mì."
"PICKLED_VEGETABLES","Pickled vegetables","g","VEGETABLES","","Assorted vegetables preserved in brine or vinegar."
"PIGEON_OR_CHICKEN","Pigeon or chicken","g","POULTRY","","Either pigeon (squab) or chicken, used interchangeably in some traditional recipes."
"PILAU_MASALA","Pilau masala","g","SPICES","","East African spice blend for pilau rice, with cumin, cinnamon and cardamom."
"PINEAPPLE","Pineapple","pc","FRUIT_VEG","","A tropical fruit with sweet-tart juicy flesh, used in cooking and cocktails."
"PIRI_PIRI","Piri piri","g","SPICES","","A small, fiery African bird's eye chili used in Portuguese-African cooking."
"PIRI_PIRI_CHILI","Piri piri chili","pc","SPICES","","The small, intensely hot African piri piri (bird's eye) chili pepper."
"PISTACHIOS","Pistachios","g","PANTRY; TREE_NUTS","","Green nuts with a mild, sweet flavour used in baklava, desserts and nut pastes."
"PITA_BREAD","Pita bread","pc","BREADS; GLUTEN","","A round, leavened Middle Eastern flatbread with a hollow pocket."
"POACHED_CHICKEN","Poached chicken","g","POULTRY","CHICKEN","Chicken gently cooked in simmering liquid until tender."
"POMEGRANATE","Pomegranate","pc","FRUIT_VEG","","A fruit with ruby-red arils used in Middle Eastern, Persian and Moroccan cooking."
"POPPY_SEEDS","Poppy seeds","g","SPICES","","Tiny blue-grey seeds with a mild, nutty flavour, used in Central European baking."
"PORK_PATE","Pork pâté","g","PORK","PORK","A smooth, spreadable paste made from seasoned minced and cooked pork."
"POTATO_GNOCCHI","Potato gnocchi","g","GRAINS; GLUTEN","POTATOES","Italian soft potato dumplings served with sauce."
"POWDERED_SUGAR","Powdered sugar","g","PANTRY","","Finely ground white sugar used in icings, glazes and confections."
"PRESERVED_LEMON","Preserved lemon","pc","CONDIMENTS","LEMON","Salt-cured lemon fermented in its own juice, used in North African tagines."
"PROVOLONE_CHEESE","Provolone cheese","g","DAIRY; HARD_CHEESE; CHEESE","","An Italian semi-hard smoked cow's milk cheese used in sandwiches and gratins."
"RADISHES","Radishes","pc","ROOT_VEG; RAW","","Small, peppery root vegetables eaten raw in salads or as a garnish."
"RED_CHILIES","Red chilies","pc","SPICES","","Fresh red chili peppers used to add heat to stir-fries, soups and sauces."
"RED_LENTILS","Red lentils","g","LEGUMES","","Quick-cooking orange lentils that break down easily into soups and dals."
"RED_PEPPER","Red pepper","pc","FRUIT_VEG; SPICES","","A fully ripened red bell pepper or a fresh red chili pepper."
"RED_PEPPER_PASTE","Red pepper paste","g","CONDIMENTS; SPICES","","A concentrated paste of dried red peppers, used in Turkish and Korean cooking."
"RICE_FLOUR","Rice flour","g","GRAINS; GLUTEN_FREE","","Flour milled from white or brown rice, used in noodles and gluten-free baking."
"RICE_PAPER","Rice paper","pc","GRAINS; GLUTEN_FREE","","Thin, edible sheets made from rice flour, used to wrap Vietnamese spring rolls."
"RICE_VERMICELLI","Rice vermicelli","g","GRAINS; GLUTEN_FREE","","Very thin rice noodles used in Southeast Asian soups and salads."
"RICE_WINE","Rice wine","mL","PANTRY","","Fermented rice wine used in Asian cooking, such as Shaoxing wine or sake."
"RICOTTA","Ricotta","g","DAIRY; FRESH_CHEESE; CHEESE","","A light, mild Italian whey cheese used in desserts and pasta fillings."
"ROASTED_RED_PEPPERS","Roasted red peppers","g","FRUIT_VEG","RED_PEPPERS","Sweet red peppers roasted until charred and then peeled."
"ROMAINE_LETTUCE","Romaine lettuce","g","LEAFY_VEG; LETTUCE","","A crisp, elongated lettuce variety, the classic base for Caesar salad."
"RYE_CRISPBREAD","Rye crispbread","pc","BREADS; GRAINS; GLUTEN","","A thin, dry Scandinavian cracker made from rye flour."
"SALMON","Salmon","g","FAT_FISH; FISH","","A rich, pink-fleshed oily fish prized for its flavour and omega-3 content."
"SALSA_ROJA","Salsa roja","mL","CONDIMENTS; SPICES","TOMATOES","A Mexican cooked red chili and tomato salsa."
"SALT_COD","Salt cod","g","LEAN_FISH; FISH","","Dried and salted cod, a preserved fish staple in Portuguese and Caribbean cooking."
"SALTED_HERRING","Salted herring","g","FAT_FISH; FISH","","Herring preserved in salt, used in Scandinavian and Eastern European cooking."
"SALTED_PORK","Salted pork","g","PORK","","Cured pork belly or fat preserved with salt, used to flavour soups and beans."
"SAUERKRAUT","Sauerkraut","g","VEGETABLES","CABBAGE","Fermented shredded cabbage with a sour, tangy flavour."
"SAZON","Sazón","g","SPICES","","A Latin American seasoning blend of coriander, cumin, achiote and garlic."
"SCALLION_OIL","Scallion oil","mL","CONDIMENTS","SPRING_ONIONS","A Vietnamese condiment of scallions softened in hot neutral oil."
"SEA_BASS","Sea bass","g","LEAN_FISH; FISH","","A prized white-fleshed sea fish with a delicate, mild flavour."
"SEMOLINA","Semolina","g","GRAINS; GLUTEN","","Coarsely ground durum wheat used in pasta, couscous and semolina puddings."
"SHORT_GRAIN_RICE","Short-grain rice","g","GRAINS","","A starchy rice variety that clumps when cooked, used in sushi and risotto."
"SHREDDED_BEEF","Shredded beef","g","BEEF","BEEF_BRISKET","Slow-cooked beef pulled into fine shreds, used in tacos and sandwiches."
"SHREDDED_MEAT","Shredded meat","g","MEAT","BEEF","Generic slow-cooked pulled meat used in tacos and bao buns."
"SHREDDED_PORK_SKIN","Shredded pork skin","g","PORK","PORK_BELLY","Crispy or soft shredded pork skin used as a filling or garnish."
"SMEN_BUTTER","Smen butter","g","DAIRY; BUTTER","","A Moroccan fermented clarified butter with a pungent, aged cheese-like flavour."
"SMOKED_PAPRIKA","Smoked paprika","g","SPICES","","Pimentón, a Spanish dried and smoked red pepper powder."
"SMOKED_SAUSAGE","Smoked sausage","pc","PORK","","Cured sausage that has been cold- or hot-smoked for preservation and flavour."
"SOLE_FILLET","Sole fillet","pc","LEAN_FISH; FISH","","A delicate, mild white flatfish fillet used in French and European cooking."
"SORREL_LEAVES","Sorrel leaves","bunch","HERBS; LEAFY_VEG","","Tart, lemon-flavoured leaves used in soups, sauces and salads."
"SOUR_ORANGE","Sour orange","pc","FRUIT_VEG","","Bitter Seville orange used in Cuban mojo marinade and Caribbean dishes."
"SPICE_PASTE","Spice paste","g","SPICES; CONDIMENTS","","A generic spice paste used as a base flavouring in various Asian dishes."
"SPICED_LAMB","Spiced lamb","g","LAMB; SPICES","LAMB","Lamb marinated and cooked with a blend of warming spices."
"SPICES","Spices","g","SPICES","","A generic blend of dried spices used as a seasoning."
"SPRING_ONION","Spring onion","pc","STEM_VEG; ONIONS; VEGETABLES","","A young green onion with a mild flavour, used raw as a garnish."
"SPRING_ONIONS","Spring onions","bunch","STEM_VEG; ONIONS; VEGETABLES","","Young green onions with a mild flavour used fresh or in cooked dishes."
"STALE_PITA_BREAD","Stale pita bread","pc","BREADS; GLUTEN","PITA_BREAD","Day-old pita bread used to add bulk to Levantine salads like fattoush."
"STEAK","Steak","pc","BEEF","","A thick slice of beef grilled or pan-fried as the centrepiece of a meal."
"STOCKFISH","Stockfish","g","LEAN_FISH; FISH","","Air-dried unsalted fish, particularly cod, used in Scandinavian and West African cooking."
"STRAWBERRIES","Strawberries","g","FRUIT_VEG; RAW","","Sweet red berries used in desserts, jams and preserves."
"STRING_BEANS","String beans","g","LEGUMES; VEGETABLES","","Slender green beans (haricots verts) eaten with their pods in salads and stir-fries."
"STUFFING","Stuffing","g","BREADS; GRAINS; GLUTEN","BREAD","A seasoned breadcrumb mixture used to fill poultry or baked as a side dish."
"SUYA_SPICE","Suya spice","g","SPICES","","A West African dry spice rub made from ground peanuts and spices, used for grilled meat."
"TAMARIND_SAUCE","Tamarind sauce","mL","CONDIMENTS","TAMARIND","A sweet-sour sauce made from tamarind pulp."
"TAPIOCA","Tapioca","g","GRAINS; GLUTEN_FREE","","Starch extracted from cassava root, used in puddings, bubble tea and as a thickener."
"THAI_BASIL","Thai basil","bunch","HERBS","","A Southeast Asian basil variety with a spicy, anise-like flavour."
"THAI_BIRD_CHILI","Thai bird chili","pc","SPICES","","A tiny, fiercely hot chili pepper essential in Thai cooking."
"THIN_PASTRY","Thin pastry","g","BREADS; GLUTEN; DAIRY","","A thin pastry dough (like phyllo or yufka) used in pies and pastries."
"TIGER_PRAWNS","Tiger prawns","pc","SHELLFISH; CRUSTACEANS","","Large, striped prawns with firm, sweet flesh."
"TILAPIA","Tilapia","g","LEAN_FISH; FISH","","A mild, white-fleshed freshwater fish popular in Africa and Southeast Asia."
"TOASTED_SESAME_SEEDS","Toasted sesame seeds","g","SPICES; SESAME","","Sesame seeds lightly toasted to enhance their nutty flavour, used as a garnish."
"TOMATO_JUICE","Tomato juice","mL","CONDIMENTS; FRUIT_VEG","","Liquid extracted from ripe tomatoes, used in drinks and sauces."
"TOMATO_KETCHUP","Tomato ketchup","g","CONDIMENTS","","A sweet-tangy tomato sauce used as a condiment worldwide."
"TOSTADAS","Tostadas","pc","BREADS; GRAINS","","Flat, crispy corn tortillas used as a base for Mexican toppings."
"UTAZI_LEAVES","Utazi leaves","bunch","HERBS; LEAFY_VEG","","Bitter Nigerian leaves (Gongronema latifolium) used in soups and pepper soup."
"UZIZA_SEEDS","Uziza seeds","g","SPICES","","West African seeds with a pungent, peppery flavour used in soups and stews."
"VEAL","Veal","g","MEAT; RED_MEAT","","Meat from a young calf, prized for its tender, pale and delicate texture."
"VEAL_BONES","Veal bones","g","MEAT","","Veal bones used to make rich, gelatinous stocks for French sauces."
"VEGETABLES","Vegetables","g","VEGETABLES","","A generic mix of assorted fresh vegetables."
"VERMICELLI","Vermicelli","g","GRAINS; GLUTEN","","Very thin pasta noodles used in soups, rice dishes and desserts."
"WALNUT_CREAM","Walnut cream","g","PANTRY; TREE_NUTS","WALNUTS","A smooth paste or sauce made from ground walnuts."
"WHEAT","Wheat","g","GRAINS; GLUTEN","","Whole wheat grains used in porridges and grain salads."
"WHIPPED_CREAM","Whipped cream","mL","DAIRY","CREAM","Cream whipped to a light, airy consistency for topping desserts."
"WHITE_MAIZE_FLOUR","White maize flour","g","GRAINS; GLUTEN_FREE","","Flour ground from white maize, used in cornbread, porridges and flatbreads."
"WHITE_MAIZE_MEAL","White maize meal","g","GRAINS; GLUTEN_FREE","","Coarsely ground white maize used to make ugali, sadza and posho."
"WHITE_WINE_VINEGAR","White wine vinegar","mL","CONDIMENTS","","A mild vinegar made from white wine, used in dressings and sauces."
"WHOLE_FISH","Whole fish","g","LEAN_FISH; FISH","","A complete, gutted fish cooked whole by grilling, baking or steaming."
"WHOLE_LAMB","Whole lamb (small) or leg","g","LAMB","","A whole young lamb or leg of lamb for spit-roasting or oven roasting."
"WHOLE_PIG","Whole pig","g","PORK","","A whole pig roasted on a spit, traditional in many cultures worldwide."
"YOGURT_MILK","Yogurt/Milk","mL","DAIRY","","Yoghurt or milk used interchangeably as a dairy ingredient in some recipes."
"YORKSHIRE_PUDDING_BATTER","Yorkshire pudding batter","g","BREADS; GLUTEN; EGGS; DAIRY","FLOUR","A batter of flour, eggs and milk used to make Yorkshire puddings."
"YUCA_CASSAVA","Yuca/Cassava","g","ROOT_VEG; GRAINS","","Starchy tropical root vegetable also called cassava or manioc."
